test,mtu,qp,srvnode,cltnode,gpu_serv,gpu_clt,metric,2,4,8,16,32,64,128,256,512,1024,2048,4096,8192,16384,32768,65536,131072,262144,524288,1048576,2097152,4194304,8388608
ib_write_bw,9000,16,mocr4pcc04u16,mocr4pcc04u15,2,2,avg,0.056254,0.11,0.23,0.46,0.92,1.83,3.66,7.33,14.5,29.35,58.42,27.16,63.82,196.5,185.34,197.75,197.91,198.0,196.82,197.16,188.68,163.51,163.58
ib_write_bw,9000,16,mocr4pcc04u16,mocr4pcc04u15,2,2,peak,0.056515,0.12,0.23,0.46,0.92,1.83,3.67,7.36,14.56,29.44,58.7,116.1,194.53,196.61,195.56,197.76,197.93,198.0,196.82,197.16,188.68,163.51,163.58
ib_write_bw,9000,16,mocr4pcc04u15,mocr4pcc04u16,1,3,avg,0.081371,0.17,0.34,0.67,1.35,2.7,5.37,10.75,21.19,42.93,85.62,172.54,196.27,196.75,197.04,197.25,197.27,197.33,197.36,197.33,188.04,163.17,163.17
ib_write_bw,9000,16,mocr4pcc04u15,mocr4pcc04u16,1,3,peak,0.082192,0.17,0.34,0.68,1.35,2.7,5.4,10.79,21.43,42.97,85.73,172.67,196.35,196.87,197.07,197.27,197.27,197.33,197.36,197.34,188.04,163.17,163.17
ib_read_bw,9000,16,mocr4pcc04u16,mocr4pcc04u15,2,2,avg,0.056371,0.11,0.23,0.46,0.91,1.82,3.63,7.29,14.6,28.91,57.97,65.5,185.91,149.86,195.97,177.9,197.47,192.61,195.3,198.06,185.06,163.53,163.69
ib_read_bw,9000,16,mocr4pcc04u16,mocr4pcc04u15,2,2,peak,0.056604,0.11,0.23,0.46,0.92,1.84,3.67,7.33,14.68,29.12,58.15,65.54,186.18,184.32,196.02,191.41,197.48,192.62,195.3,198.06,185.06,163.53,163.69
ib_write_bw,9000,16,mocr4pcc04u15,mocr4pcc04u16,3,2,avg,0.08061,0.17,0.34,0.67,1.34,2.68,5.34,10.7,21.4,42.01,85.12,171.13,197.07,197.58,197.89,198.03,198.11,198.18,198.15,198.16,188.67,163.79,163.8
ib_write_bw,9000,16,mocr4pcc04u15,mocr4pcc04u16,3,2,peak,0.081633,0.17,0.34,0.67,1.34,2.69,5.36,10.74,21.48,42.28,85.33,171.46,197.13,197.66,197.93,198.03,198.13,198.19,198.16,198.16,188.68,163.8,163.8
ib_read_bw,9000,16,mocr4pcc04u15,mocr4pcc04u16,2,3,avg,0.081745,0.17,0.33,0.66,1.32,2.66,5.28,10.54,21.1,42.36,82.43,167.23,196.54,197.59,197.85,197.68,197.88,197.9,197.93,197.94,184.56,163.57,163.62
ib_read_bw,9000,16,mocr4pcc04u15,mocr4pcc04u16,2,3,peak,0.082005,0.17,0.33,0.66,1.33,2.67,5.28,10.59,21.24,42.47,83.4,167.56,196.61,197.66,197.86,197.7,197.89,197.9,197.93,197.94,184.56,163.57,163.62
ib_read_bw,9000,16,mocr4pcc04u16,mocr4pcc04u15,0,1,avg,0.059998,0.12,0.24,0.49,0.96,1.93,3.84,7.68,15.59,31.2,63.54,128.37,186.39,208.94,207.14,209.38,207.92,208.69,209.13,209.36,193.82,170.95,170.96
ib_read_bw,9000,16,mocr4pcc04u16,mocr4pcc04u15,0,1,peak,0.0601,0.12,0.24,0.49,0.97,1.95,3.85,7.71,15.75,31.45,63.89,129.8,186.42,209.01,207.17,209.38,207.92,208.69,209.13,209.36,194.26,170.95,170.96
ib_read_bw,9000,16,mocr4pcc04u16,mocr4pcc04u15,3,1,avg,0.057818,0.12,0.23,0.46,0.93,1.86,3.75,7.48,14.99,30.09,60.6,81.53,102.89,136.25,160.49,177.19,186.5,191.71,194.53,196.53,185.28,162.96,163.11
ib_read_bw,9000,16,mocr4pcc04u16,mocr4pcc04u15,3,1,peak,0.058065,0.12,0.23,0.46,0.93,1.86,3.76,7.49,15.06,30.22,60.83,95.75,174.71,186.06,188.86,190.51,190.81,191.72,194.54,196.53,185.28,162.96,163.11
ib_write_bw,9000,16,mocr4pcc04u15,mocr4pcc04u16,0,1,avg,0.085997,0.18,0.36,0.71,1.43,2.86,5.71,11.4,23.05,46.14,98.13,198.62,200.9,201.98,202.55,202.82,202.97,203.05,203.09,203.11,200.11,169.87,169.79
ib_write_bw,9000,16,mocr4pcc04u15,mocr4pcc04u16,0,1,peak,0.087167,0.18,0.36,0.72,1.44,2.87,5.73,11.43,23.16,46.55,98.57,198.73,201.17,201.99,202.55,202.83,202.99,203.05,203.09,203.11,200.11,169.87,169.79
ib_write_bw,9000,16,mocr4pcc04u15,mocr4pcc04u16,1,0,avg,0.080409,0.17,0.33,0.67,1.33,2.66,5.32,10.62,21.27,41.69,84.86,171.72,208.14,208.8,209.23,209.42,209.49,209.56,209.58,209.6,198.63,170.91,170.99
ib_write_bw,9000,16,mocr4pcc04u15,mocr4pcc04u16,1,0,peak,0.081448,0.17,0.33,0.67,1.34,2.67,5.35,10.69,21.33,41.99,85.33,172.26,208.27,208.86,209.31,209.42,209.5,209.57,209.58,209.6,198.63,170.95,171.03
ib_write_bw,9000,16,mocr4pcc04u15,mocr4pcc04u16,2,3,avg,0.05769,0.12,0.24,0.47,0.94,1.89,3.72,7.53,15.07,30.18,59.86,121.03,195.69,196.49,196.87,197.11,197.22,197.29,197.32,197.32,187.58,163.15,163.14
ib_write_bw,9000,16,mocr4pcc04u15,mocr4pcc04u16,2,3,peak,0.058158,0.12,0.24,0.47,0.95,1.89,3.74,7.55,15.13,30.22,59.94,121.26,195.82,196.61,196.94,197.13,197.23,197.29,197.32,197.32,187.59,163.15,163.14
ib_write_bw,9000,16,mocr4pcc04u16,mocr4pcc04u15,1,0,avg,0.056682,0.12,0.23,0.46,0.93,1.85,3.7,7.38,14.66,29.59,58.97,118.62,68.81,207.58,208.58,208.79,209.07,209.22,209.29,209.22,196.7,170.93,170.93
ib_write_bw,9000,16,mocr4pcc04u16,mocr4pcc04u15,1,0,peak,0.057416,0.12,0.23,0.47,0.93,1.86,3.72,7.42,14.77,29.73,59.26,119.3,201.17,207.68,208.64,208.79,209.08,209.23,209.3,209.29,196.7,170.93,170.93
ib_read_bw,9000,16,mocr4pcc04u16,mocr4pcc04u15,3,2,avg,0.055471,0.11,0.23,0.45,0.9,1.81,3.61,7.25,14.45,28.88,57.35,70.07,120.25,193.18,197.02,196.17,186.27,191.71,194.51,195.93,184.37,163.06,163.12
ib_read_bw,9000,16,mocr4pcc04u16,mocr4pcc04u15,3,2,peak,0.056162,0.11,0.23,0.45,0.91,1.82,3.62,7.29,14.51,28.98,57.42,83.59,147.75,193.26,197.07,196.18,190.88,191.72,194.51,195.93,184.37,163.06,163.12
ib_read_bw,9000,16,mocr4pcc04u15,mocr4pcc04u16,1,0,avg,0.080317,0.16,0.33,0.66,1.32,2.63,5.26,10.48,20.89,42.01,83.54,163.31,201.66,202.66,202.94,203.04,203.08,203.12,203.15,203.17,189.86,169.88,169.85
ib_read_bw,9000,16,mocr4pcc04u15,mocr4pcc04u16,1,0,peak,0.080899,0.17,0.33,0.66,1.32,2.65,5.27,10.54,20.94,42.18,83.78,164.57,201.72,202.69,202.97,203.07,203.09,203.12,203.16,203.18,189.86,169.88,169.85
ib_write_bw,9000,16,mocr4pcc04u16,mocr4pcc04u15,1,2,avg,0.056903,0.12,0.23,0.47,0.93,1.87,3.71,7.43,14.69,29.74,59.34,119.28,196.46,194.84,197.08,197.53,197.52,197.36,197.72,197.54,188.03,163.3,163.05
ib_write_bw,9000,16,mocr4pcc04u16,mocr4pcc04u15,1,2,peak,0.0576,0.12,0.23,0.47,0.94,1.87,3.72,7.46,14.84,29.83,59.36,119.49,196.61,194.92,197.13,197.53,197.53,197.37,197.72,197.57,188.04,163.3,163.05
ib_read_bw,9000,16,mocr4pcc04u16,mocr4pcc04u15,1,2,avg,0.05744,0.12,0.23,0.47,0.94,1.87,3.75,7.49,14.96,29.82,59.78,118.3,198.92,202.5,199.15,201.66,199.4,201.24,201.87,200.46,187.93,167.19,167.29
ib_read_bw,9000,16,mocr4pcc04u16,mocr4pcc04u15,1,2,peak,0.057785,0.12,0.23,0.47,0.94,1.88,3.76,7.53,15.01,30.02,60.04,119.11,199.0,202.55,199.2,201.68,199.42,201.25,201.87,200.8,187.93,167.31,167.49
ib_read_bw,9000,16,mocr4pcc04u15,mocr4pcc04u16,0,0,avg,0.079857,0.17,0.34,0.67,1.33,2.67,5.33,10.68,21.21,42.6,84.81,169.68,207.78,207.99,209.46,209.27,209.48,209.54,209.6,209.61,192.97,171.19,171.24
ib_read_bw,9000,16,mocr4pcc04u15,mocr4pcc04u16,0,0,peak,0.081818,0.17,0.34,0.67,1.34,2.68,5.36,10.72,21.33,42.77,84.94,169.88,207.98,208.12,209.53,209.31,209.49,209.55,209.6,209.61,192.97,171.19,171.24
ib_write_bw,9000,16,mocr4pcc04u15,mocr4pcc04u16,3,1,avg,0.089238,0.18,0.37,0.74,1.47,2.94,5.87,11.76,23.79,47.69,101.6,198.71,200.91,202.01,202.55,202.83,202.98,203.05,203.09,203.1,195.43,169.86,169.79
ib_write_bw,9000,16,mocr4pcc04u15,mocr4pcc04u16,3,1,peak,0.089552,0.19,0.37,0.74,1.48,2.95,5.88,11.82,23.88,48.0,102.12,198.73,201.17,202.13,202.55,202.86,202.99,203.05,203.09,203.1,195.43,169.9,169.79
ib_read_bw,9000,16,mocr4pcc04u15,mocr4pcc04u16,3,1,avg,0.084687,0.18,0.35,0.7,1.41,2.8,5.59,11.18,22.24,46.26,96.24,189.39,196.25,196.94,197.26,197.07,197.25,197.27,197.34,197.31,185.53,163.19,163.24
ib_read_bw,9000,16,mocr4pcc04u15,mocr4pcc04u16,3,1,peak,0.084906,0.18,0.35,0.7,1.41,2.8,5.61,11.24,22.26,46.31,97.27,190.51,196.35,197.0,197.27,197.1,197.27,197.27,197.34,197.32,185.53,163.19,163.24
ib_read_bw,9000,16,mocr4pcc04u16,mocr4pcc04u15,0,0,avg,0.056886,0.12,0.23,0.47,0.93,1.87,3.74,7.47,14.97,29.8,58.78,117.79,200.15,204.87,207.15,208.32,208.91,208.68,209.09,209.54,195.05,170.99,170.96
ib_read_bw,9000,16,mocr4pcc04u16,mocr4pcc04u15,0,0,peak,0.058065,0.12,0.23,0.47,0.94,1.88,3.75,7.5,15.03,29.87,58.98,118.53,200.35,204.94,207.17,208.34,208.92,208.69,209.09,209.54,195.11,170.99,170.96
ib_write_bw,9000,16,mocr4pcc04u15,mocr4pcc04u16,0,3,avg,0.077312,0.16,0.32,0.64,1.28,2.56,5.11,10.22,20.44,40.15,81.47,164.39,196.21,196.74,197.04,197.21,197.28,197.32,197.35,197.34,193.54,163.15,163.17
ib_write_bw,9000,16,mocr4pcc04u15,mocr4pcc04u16,0,3,peak,0.077922,0.16,0.32,0.64,1.28,2.57,5.12,10.24,20.53,40.33,81.74,164.94,196.35,196.87,197.07,197.23,197.28,197.33,197.35,197.34,193.57,163.17,163.2
ib_write_bw,9000,16,mocr4pcc04u16,mocr4pcc04u15,2,0,avg,0.056816,0.12,0.23,0.46,0.93,1.86,3.71,7.41,14.8,29.31,57.54,26.59,67.49,114.42,208.8,209.4,205.76,208.12,208.78,209.38,197.27,171.16,171.23
ib_write_bw,9000,16,mocr4pcc04u16,mocr4pcc04u15,2,0,peak,0.057136,0.12,0.23,0.46,0.93,1.86,3.72,7.46,14.84,29.54,59.46,119.49,205.64,206.09,208.86,209.42,207.28,208.12,208.78,209.38,197.27,171.16,171.23
ib_write_bw,9000,16,mocr4pcc04u16,mocr4pcc04u15,0,0,avg,0.057043,0.12,0.23,0.47,0.93,1.86,3.72,7.42,14.7,29.69,59.44,119.79,202.09,207.7,209.15,209.37,209.54,209.55,209.61,209.64,197.08,171.25,171.25
ib_write_bw,9000,16,mocr4pcc04u16,mocr4pcc04u15,0,0,peak,0.057225,0.12,0.23,0.47,0.93,1.87,3.73,7.47,14.77,29.87,59.55,119.88,205.08,207.83,209.16,209.38,209.55,209.56,209.61,209.64,197.39,171.27,171.25
ib_write_bw,9000,16,mocr4pcc04u16,mocr4pcc04u15,3,0,avg,0.055558,0.11,0.23,0.46,0.91,1.82,3.6,7.29,14.59,29.12,56.21,117.02,116.99,207.91,198.06,203.83,209.43,208.15,209.09,209.62,197.82,171.24,171.21
ib_write_bw,9000,16,mocr4pcc04u16,mocr4pcc04u15,3,0,peak,0.056075,0.11,0.23,0.46,0.91,1.83,3.63,7.31,14.61,29.21,58.33,117.21,205.08,207.98,207.53,207.57,209.44,208.15,209.09,209.62,197.82,171.28,171.21
ib_read_bw,9000,16,mocr4pcc04u15,mocr4pcc04u16,3,0,avg,0.081742,0.17,0.33,0.67,1.33,2.67,5.31,10.62,21.25,42.19,84.56,168.48,195.66,196.82,197.27,197.07,197.25,197.29,197.37,197.33,185.09,163.18,163.21
ib_read_bw,9000,16,mocr4pcc04u15,mocr4pcc04u16,3,0,peak,0.082192,0.17,0.33,0.67,1.34,2.67,5.32,10.64,21.28,42.37,84.94,169.1,195.82,196.87,197.33,197.1,197.25,197.29,197.38,197.33,185.09,163.18,163.21
ib_write_bw,9000,16,mocr4pcc04u16,mocr4pcc04u15,0,2,avg,0.078605,0.16,0.33,0.65,1.31,2.61,5.21,10.43,20.85,28.19,59.91,120.31,52.91,187.2,197.33,197.85,197.9,198.0,198.05,198.06,188.71,163.62,163.6
ib_write_bw,9000,16,mocr4pcc04u16,mocr4pcc04u15,0,2,peak,0.07947,0.16,0.33,0.65,1.31,2.62,5.22,10.45,20.9,28.36,60.04,120.67,193.77,195.95,197.4,197.86,197.91,198.01,198.05,198.06,188.71,163.63,163.6
ib_read_bw,9000,16,mocr4pcc04u15,mocr4pcc04u16,1,2,avg,0.080155,0.16,0.33,0.66,1.31,2.63,5.25,10.48,20.94,41.95,83.36,166.35,201.49,202.65,202.94,203.02,203.1,203.16,203.15,203.16,189.44,169.86,169.81
ib_read_bw,9000,16,mocr4pcc04u15,mocr4pcc04u16,1,2,peak,0.080717,0.17,0.33,0.66,1.32,2.64,5.27,10.52,21.04,42.08,83.59,167.18,201.72,202.69,202.97,203.04,203.11,203.16,203.15,203.16,189.46,169.86,169.81
ib_read_bw,9000,16,mocr4pcc04u15,mocr4pcc04u16,3,3,avg,0.081795,0.17,0.34,0.67,1.34,2.68,5.34,10.69,21.42,42.67,84.89,169.05,195.7,197.02,197.26,197.32,197.27,197.29,197.32,197.33,185.35,163.21,163.21
ib_read_bw,9000,16,mocr4pcc04u15,mocr4pcc04u16,3,3,peak,0.082005,0.17,0.34,0.67,1.35,2.7,5.37,10.74,21.48,42.77,85.14,169.49,196.09,197.13,197.27,197.33,197.28,197.3,197.32,197.33,185.35,163.21,163.21
ib_read_bw,9000,16,mocr4pcc04u16,mocr4pcc04u15,0,3,avg,0.073552,0.16,0.33,0.65,1.31,2.61,5.21,10.39,20.75,41.63,82.82,165.75,193.26,196.55,203.1,206.22,208.44,208.89,209.37,209.49,193.75,170.94,170.91
ib_read_bw,9000,16,mocr4pcc04u16,mocr4pcc04u15,0,3,peak,0.07611,0.16,0.33,0.66,1.32,2.63,5.22,10.45,20.85,41.89,83.4,166.43,194.28,196.61,203.11,206.23,208.44,208.89,209.38,209.49,194.14,170.94,170.91
ib_write_bw,9000,16,mocr4pcc04u16,mocr4pcc04u15,0,1,avg,0.060358,0.12,0.25,0.49,0.99,1.97,3.95,7.91,15.86,31.7,65.36,137.25,110.52,201.31,202.24,202.72,202.96,203.09,203.14,203.18,194.32,169.87,169.86
ib_write_bw,9000,16,mocr4pcc04u16,mocr4pcc04u15,0,1,peak,0.061017,0.12,0.25,0.5,0.99,1.98,3.96,7.94,15.92,32.0,65.48,137.55,198.46,201.44,202.27,202.72,202.98,203.09,203.15,203.18,194.32,169.87,169.86
ib_write_bw,9000,16,mocr4pcc04u16,mocr4pcc04u15,3,2,avg,0.056827,0.12,0.23,0.47,0.93,1.86,3.71,7.41,14.66,29.73,57.2,118.01,64.12,196.48,197.33,197.72,195.47,196.41,197.46,198.06,189.03,163.45,163.61
ib_write_bw,9000,16,mocr4pcc04u16,mocr4pcc04u15,3,2,peak,0.057508,0.12,0.23,0.47,0.93,1.86,3.72,7.42,14.82,29.83,59.55,118.15,193.51,196.61,197.33,197.73,196.38,196.46,197.46,198.06,189.03,163.45,163.61
ib_read_bw,9000,16,mocr4pcc04u15,mocr4pcc04u16,0,3,avg,0.081731,0.17,0.33,0.67,1.33,2.67,5.28,10.64,21.25,42.52,82.88,167.86,207.89,208.99,209.46,209.29,209.5,209.55,209.6,209.61,192.53,171.23,171.24
ib_read_bw,9000,16,mocr4pcc04u15,mocr4pcc04u16,0,3,peak,0.082005,0.17,0.34,0.67,1.34,2.68,5.31,10.69,21.33,42.67,83.78,168.33,207.97,209.01,209.53,209.31,209.51,209.56,209.6,209.61,192.55,171.23,171.24
ib_write_bw,9000,16,mocr4pcc04u15,mocr4pcc04u16,1,2,avg,0.081733,0.17,0.34,0.67,1.35,2.7,5.38,10.78,21.23,43.08,85.96,172.04,197.01,197.56,197.81,197.97,198.05,198.08,198.09,198.1,187.85,163.76,163.74
ib_write_bw,9000,16,mocr4pcc04u15,mocr4pcc04u16,1,2,peak,0.08238,0.17,0.34,0.67,1.35,2.7,5.4,10.82,21.48,43.17,86.13,172.67,197.13,197.66,197.86,197.99,198.06,198.09,198.1,198.1,187.85,163.78,163.75
ib_read_bw,9000,16,mocr4pcc04u16,mocr4pcc04u15,3,0,avg,0.078461,0.16,0.32,0.64,1.27,2.53,5.09,10.11,20.2,40.4,80.79,160.54,120.42,137.66,159.23,177.32,196.79,191.77,194.61,195.9,185.34,163.13,163.06
ib_read_bw,9000,16,mocr4pcc04u16,mocr4pcc04u15,3,0,peak,0.078768,0.16,0.32,0.64,1.28,2.55,5.1,10.15,20.3,40.51,81.02,160.63,155.87,187.25,188.8,190.75,196.8,191.77,194.61,195.9,185.58,163.13,163.06
ib_write_bw,9000,16,mocr4pcc04u15,mocr4pcc04u16,1,1,avg,0.086169,0.18,0.36,0.71,1.42,2.85,5.69,11.35,23.04,45.93,97.83,198.66,200.91,201.99,202.53,202.84,202.97,203.04,203.08,203.11,195.29,169.87,169.85
ib_write_bw,9000,16,mocr4pcc04u15,mocr4pcc04u16,1,1,peak,0.086747,0.18,0.36,0.72,1.43,2.86,5.7,11.38,23.1,46.2,98.04,198.73,201.17,201.99,202.54,202.86,202.99,203.05,203.08,203.11,195.29,169.88,169.85
ib_write_bw,9000,16,mocr4pcc04u16,mocr4pcc04u15,1,3,avg,0.055083,0.11,0.23,0.45,0.9,1.8,3.6,7.19,14.25,28.8,57.5,115.56,77.07,196.62,195.87,196.9,197.24,197.21,196.89,196.85,186.65,162.8,162.78
ib_write_bw,9000,16,mocr4pcc04u16,mocr4pcc04u15,1,3,peak,0.055556,0.11,0.23,0.45,0.91,1.8,3.62,7.23,14.33,28.89,57.69,116.11,193.01,196.74,195.89,196.9,197.25,197.22,196.89,196.85,186.65,162.8,162.78
ib_write_bw,9000,16,mocr4pcc04u15,mocr4pcc04u16,0,0,avg,0.080885,0.17,0.34,0.67,1.34,2.68,5.36,10.73,21.06,42.7,85.05,171.56,208.22,208.82,209.2,209.41,209.49,209.54,209.57,209.58,206.64,170.97,170.95
ib_write_bw,9000,16,mocr4pcc04u15,mocr4pcc04u16,0,0,peak,0.08181,0.17,0.34,0.67,1.35,2.69,5.37,10.77,21.19,42.87,85.33,171.86,208.27,208.86,209.23,209.42,209.49,209.55,209.58,209.58,206.64,170.99,170.97
ib_write_bw,9000,16,mocr4pcc04u15,mocr4pcc04u16,2,0,avg,0.081533,0.17,0.34,0.67,1.34,2.69,5.36,10.74,21.48,42.17,85.61,172.31,208.12,208.8,209.18,209.38,209.46,209.52,209.54,209.56,198.34,170.96,170.97
ib_write_bw,9000,16,mocr4pcc04u15,mocr4pcc04u16,2,0,peak,0.082005,0.17,0.34,0.67,1.35,2.7,5.38,10.77,21.53,42.37,85.73,172.67,208.27,208.86,209.23,209.38,209.47,209.52,209.54,209.56,198.34,170.96,171.01
ib_read_bw,9000,16,mocr4pcc04u15,mocr4pcc04u16,2,1,avg,0.081867,0.17,0.33,0.67,1.33,2.67,5.31,10.65,21.23,43.4,87.58,186.4,196.77,197.76,197.9,197.78,197.95,198.03,198.09,198.09,184.6,163.63,163.62
ib_read_bw,9000,16,mocr4pcc04u15,mocr4pcc04u16,2,1,peak,0.08238,0.17,0.33,0.67,1.34,2.68,5.33,10.69,21.33,43.68,88.83,187.6,196.87,197.79,197.93,197.79,197.96,198.03,198.09,198.09,184.6,163.63,163.62
ib_read_bw,9000,16,mocr4pcc04u16,mocr4pcc04u15,2,3,avg,0.056686,0.12,0.23,0.46,0.93,1.85,3.65,7.35,14.76,29.36,54.88,118.64,102.18,136.68,161.41,177.96,186.94,194.24,195.23,198.03,184.81,163.56,163.62
ib_read_bw,9000,16,mocr4pcc04u16,mocr4pcc04u15,2,3,peak,0.057143,0.12,0.23,0.46,0.93,1.86,3.66,7.37,14.82,29.49,58.05,118.92,181.6,187.0,189.53,191.28,191.61,194.24,195.23,198.03,184.81,163.56,163.62
ib_write_bw,9000,16,mocr4pcc04u16,mocr4pcc04u15,2,3,avg,0.07856,0.16,0.33,0.65,1.3,2.61,5.2,10.43,20.8,28.18,58.16,30.99,136.56,195.8,196.62,192.16,194.87,196.29,196.73,197.04,187.64,163.18,163.15
ib_write_bw,9000,16,mocr4pcc04u16,mocr4pcc04u15,2,3,peak,0.079646,0.16,0.33,0.65,1.31,2.62,5.21,10.47,20.9,29.35,60.14,121.06,194.28,195.82,196.67,195.36,195.65,196.3,196.73,197.04,187.64,163.18,163.15
ib_write_bw,9000,16,mocr4pcc04u15,mocr4pcc04u16,3,0,avg,0.079822,0.17,0.33,0.66,1.32,2.64,5.28,10.56,21.11,41.47,84.01,169.37,208.09,208.82,209.22,209.45,209.48,209.54,209.56,209.58,198.51,170.98,170.9
ib_write_bw,9000,16,mocr4pcc04u15,mocr4pcc04u16,3,0,peak,0.080357,0.17,0.33,0.66,1.32,2.65,5.28,10.57,21.19,41.8,84.36,169.88,208.27,208.86,209.23,209.45,209.49,209.55,209.57,209.58,198.56,171.06,170.9
ib_read_bw,9000,16,mocr4pcc04u15,mocr4pcc04u16,0,1,avg,0.082568,0.17,0.34,0.68,1.35,2.7,5.38,10.74,21.5,43.91,91.02,187.44,208.24,209.11,209.5,209.28,209.5,209.56,209.6,209.6,192.6,171.26,171.23
ib_read_bw,9000,16,mocr4pcc04u15,mocr4pcc04u16,0,1,peak,0.083141,0.17,0.34,0.68,1.36,2.71,5.41,10.79,21.58,44.1,91.47,189.53,208.27,209.16,209.53,209.31,209.51,209.56,209.6,209.6,192.6,171.26,171.23
ib_read_bw,9000,16,mocr4pcc04u15,mocr4pcc04u16,3,2,avg,0.079881,0.16,0.33,0.65,1.3,2.6,5.19,10.33,20.72,41.45,82.4,164.46,195.85,196.9,197.22,197.31,197.28,197.28,197.32,197.31,184.74,163.21,163.19
ib_read_bw,9000,16,mocr4pcc04u15,mocr4pcc04u16,3,2,peak,0.080178,0.16,0.33,0.65,1.31,2.61,5.2,10.4,20.8,41.61,82.84,164.57,196.09,196.99,197.27,197.33,197.28,197.28,197.32,197.31,184.74,163.21,163.19
ib_read_bw,9000,16,mocr4pcc04u16,mocr4pcc04u15,1,3,avg,0.056676,0.11,0.23,0.46,0.92,1.82,3.66,7.24,14.58,29.22,57.81,115.47,200.83,200.77,196.06,200.22,201.69,200.45,199.59,200.35,188.85,166.95,166.66
ib_read_bw,9000,16,mocr4pcc04u16,mocr4pcc04u15,1,3,peak,0.056872,0.12,0.23,0.46,0.92,1.83,3.67,7.27,14.68,29.35,57.87,116.47,200.89,200.89,196.09,200.25,201.7,200.79,199.6,200.35,190.08,166.95,166.96
ib_write_bw,9000,16,mocr4pcc04u15,mocr4pcc04u16,0,2,avg,0.08103,0.17,0.33,0.67,1.34,2.67,5.33,10.69,21.4,42.02,85.21,170.37,197.01,197.54,197.89,198.0,198.07,198.12,198.13,198.12,194.81,163.76,163.76
ib_write_bw,9000,16,mocr4pcc04u15,mocr4pcc04u16,0,2,peak,0.081623,0.17,0.34,0.67,1.34,2.69,5.35,10.74,21.43,42.28,85.53,170.67,197.13,197.66,197.93,198.03,198.08,198.12,198.14,198.12,194.81,163.77,163.77
ib_read_bw,9000,16,mocr4pcc04u15,mocr4pcc04u16,0,2,avg,0.082202,0.17,0.33,0.66,1.34,2.67,5.32,10.7,21.3,42.63,84.98,170.15,207.65,209.13,209.48,209.55,209.62,209.62,209.62,209.63,192.61,171.24,171.22
ib_read_bw,9000,16,mocr4pcc04u15,mocr4pcc04u16,0,2,peak,0.082569,0.17,0.33,0.67,1.35,2.69,5.35,10.72,21.38,42.77,85.33,170.27,207.98,209.16,209.53,209.57,209.62,209.63,209.62,209.63,192.62,171.24,171.22
ib_read_bw,9000,16,mocr4pcc04u16,mocr4pcc04u15,1,0,avg,0.056317,0.11,0.23,0.46,0.92,1.82,3.64,7.35,14.58,29.29,58.36,116.91,199.69,198.45,195.78,201.8,200.26,200.14,200.45,200.74,187.99,166.98,167.04
ib_read_bw,9000,16,mocr4pcc04u16,mocr4pcc04u15,1,0,peak,0.056867,0.11,0.23,0.46,0.92,1.82,3.66,7.37,14.63,29.4,58.51,117.03,200.08,198.46,195.82,201.82,200.65,200.14,200.79,200.74,188.68,166.98,167.29
ib_read_bw,9000,16,mocr4pcc04u15,mocr4pcc04u16,1,1,avg,0.085566,0.18,0.35,0.7,1.4,2.8,5.57,11.1,22.27,45.91,96.31,192.69,202.02,202.6,202.93,203.03,203.12,203.15,203.15,203.19,189.97,169.88,169.85
ib_read_bw,9000,16,mocr4pcc04u15,mocr4pcc04u16,1,1,peak,0.086124,0.18,0.35,0.7,1.41,2.82,5.59,11.13,22.31,45.97,96.5,194.02,202.27,202.69,202.97,203.04,203.12,203.16,203.16,203.19,189.97,169.88,169.85
ib_write_bw,9000,16,mocr4pcc04u15,mocr4pcc04u16,2,2,avg,0.080912,0.17,0.34,0.67,1.34,2.68,5.35,10.71,21.4,42.05,85.19,171.48,196.98,197.53,197.82,197.96,198.03,198.07,198.09,198.08,188.45,163.74,163.74
ib_write_bw,9000,16,mocr4pcc04u15,mocr4pcc04u16,2,2,peak,0.081633,0.17,0.34,0.67,1.34,2.69,5.37,10.74,21.48,42.18,85.53,171.85,197.13,197.53,197.85,197.96,198.04,198.08,198.09,198.09,188.45,163.74,163.74
ib_read_bw,9000,16,mocr4pcc04u16,mocr4pcc04u15,2,1,avg,0.058583,0.12,0.24,0.48,0.95,1.89,3.81,7.67,15.14,31.16,62.28,130.1,189.81,193.97,196.06,198.01,187.23,193.02,195.24,196.77,185.37,163.63,163.73
ib_read_bw,9000,16,mocr4pcc04u16,mocr4pcc04u15,2,1,peak,0.058824,0.12,0.24,0.48,0.96,1.9,3.82,7.69,15.26,31.29,62.59,131.19,190.02,194.02,196.09,198.02,191.72,193.02,195.25,196.77,185.37,163.63,163.73
ib_read_bw,9000,16,mocr4pcc04u15,mocr4pcc04u16,2,2,avg,0.078003,0.16,0.32,0.64,1.27,2.56,5.1,10.18,20.41,40.79,79.67,162.08,196.61,197.65,197.99,197.79,197.97,198.0,198.01,198.03,185.45,163.6,163.6
ib_read_bw,9000,16,mocr4pcc04u15,mocr4pcc04u16,2,2,peak,0.078775,0.16,0.32,0.64,1.27,2.58,5.12,10.19,20.53,41.05,80.49,162.4,196.87,197.66,197.99,197.79,197.98,198.0,198.01,198.04,185.45,163.6,163.6
ib_read_bw,9000,16,mocr4pcc04u15,mocr4pcc04u16,2,0,avg,0.078312,0.16,0.32,0.64,1.28,2.56,5.08,10.17,20.32,40.5,80.49,161.13,196.55,197.6,197.95,197.81,197.99,198.0,198.04,198.06,185.01,163.61,163.6
ib_read_bw,9000,16,mocr4pcc04u15,mocr4pcc04u16,2,0,peak,0.078775,0.16,0.32,0.64,1.28,2.57,5.11,10.19,20.39,40.6,80.84,161.33,196.87,197.66,197.99,197.83,197.99,198.0,198.04,198.06,185.01,163.61,163.6
ib_write_bw,9000,16,mocr4pcc04u16,mocr4pcc04u15,2,1,avg,0.083393,0.17,0.35,0.69,1.38,2.78,5.53,11.01,22.29,30.23,61.4,30.71,62.35,151.85,192.85,199.66,202.97,201.93,203.15,203.18,194.06,169.81,169.82
ib_write_bw,9000,16,mocr4pcc04u16,mocr4pcc04u15,2,1,peak,0.084706,0.17,0.35,0.7,1.39,2.79,5.55,11.05,22.42,32.22,66.3,139.64,196.61,200.89,200.89,201.13,202.99,201.93,203.15,203.18,194.06,169.81,169.82
ib_read_bw,9000,16,mocr4pcc04u16,mocr4pcc04u15,3,3,avg,0.057333,0.11,0.23,0.47,0.93,1.87,3.72,7.4,14.9,29.72,59.46,70.62,108.06,134.56,160.34,196.24,196.81,197.03,194.52,196.07,184.19,163.19,163.1
ib_read_bw,9000,16,mocr4pcc04u16,mocr4pcc04u15,3,3,peak,0.057508,0.12,0.23,0.47,0.94,1.88,3.74,7.42,14.99,29.87,59.55,103.99,174.09,185.95,188.93,196.25,196.82,197.03,194.52,196.07,184.19,163.19,163.1
ib_write_bw,9000,16,mocr4pcc04u15,mocr4pcc04u16,2,1,avg,0.088688,0.18,0.37,0.74,1.47,2.95,5.88,11.78,23.9,47.91,102.06,198.67,200.9,201.97,202.54,202.83,202.98,203.05,203.09,203.11,194.71,169.85,169.87
ib_write_bw,9000,16,mocr4pcc04u15,mocr4pcc04u16,2,1,peak,0.089776,0.19,0.37,0.74,1.48,2.96,5.91,11.85,24.0,48.25,102.4,198.73,201.17,201.99,202.55,202.86,202.99,203.05,203.09,203.11,194.71,169.87,169.88
ib_write_bw,9000,16,mocr4pcc04u15,mocr4pcc04u16,3,3,avg,0.080969,0.17,0.33,0.67,1.34,2.69,5.34,10.72,21.09,42.8,85.29,171.01,196.24,196.74,197.02,197.2,197.27,197.3,197.34,197.33,188.02,163.18,163.16
ib_write_bw,9000,16,mocr4pcc04u15,mocr4pcc04u16,3,3,peak,0.081818,0.17,0.34,0.67,1.34,2.7,5.37,10.74,21.24,42.97,85.53,171.46,196.35,196.74,197.07,197.2,197.28,197.31,197.35,197.33,188.29,163.18,163.16
ib_read_bw,9000,16,mocr4pcc04u16,mocr4pcc04u15,0,2,avg,0.054991,0.11,0.23,0.45,0.9,1.78,3.59,7.15,14.29,28.52,56.8,113.94,199.97,196.91,205.3,206.37,207.76,208.68,209.1,209.36,194.15,170.97,170.92
ib_read_bw,9000,16,mocr4pcc04u16,mocr4pcc04u15,0,2,peak,0.055549,0.11,0.23,0.45,0.9,1.79,3.61,7.2,14.42,28.8,57.07,114.13,200.35,197.0,205.37,206.38,207.76,208.69,209.1,209.36,194.15,170.97,170.92
ib_write_bw,9000,16,mocr4pcc04u16,mocr4pcc04u15,1,1,avg,0.059435,0.12,0.24,0.48,0.97,1.94,3.87,7.78,15.65,31.04,63.92,134.64,200.92,199.6,202.61,202.39,202.92,202.71,202.76,202.7,194.05,169.55,169.54
ib_write_bw,9000,16,mocr4pcc04u16,mocr4pcc04u15,1,1,peak,0.059701,0.12,0.24,0.49,0.97,1.95,3.89,7.81,15.7,31.51,64.22,135.03,201.17,199.67,202.68,202.41,202.93,202.71,202.76,202.7,194.05,169.55,169.54
ib_read_bw,9000,16,mocr4pcc04u15,mocr4pcc04u16,1,3,avg,0.082248,0.17,0.34,0.67,1.34,2.67,5.34,10.72,21.41,42.73,82.86,170.01,201.81,202.6,203.02,203.06,203.07,203.13,203.2,203.18,189.92,169.79,169.86
ib_read_bw,9000,16,mocr4pcc04u15,mocr4pcc04u16,1,3,peak,0.082569,0.17,0.34,0.67,1.35,2.68,5.36,10.74,21.43,42.87,83.59,170.27,201.99,202.69,203.04,203.07,203.07,203.13,203.2,203.19,189.93,169.79,169.86
ib_write_bw,9000,16,mocr4pcc04u16,mocr4pcc04u15,0,3,avg,0.056935,0.12,0.23,0.47,0.93,1.86,3.71,7.42,14.69,29.69,59.2,119.34,192.8,195.97,196.63,196.99,197.19,197.31,197.34,197.34,187.04,163.19,163.21
ib_write_bw,9000,16,mocr4pcc04u16,mocr4pcc04u15,0,3,peak,0.057508,0.12,0.23,0.47,0.93,1.86,3.72,7.43,14.91,29.83,59.36,119.49,193.01,196.09,196.67,197.0,197.2,197.32,197.34,197.34,187.04,163.19,163.21
ib_write_bw,9000,16,mocr4pcc04u16,mocr4pcc04u15,3,1,avg,0.060786,0.12,0.25,0.5,0.99,1.99,3.99,7.96,15.88,32.37,61.31,27.13,61.45,201.35,202.62,197.81,200.38,202.1,202.56,202.75,194.21,169.87,169.87
ib_write_bw,9000,16,mocr4pcc04u16,mocr4pcc04u15,3,1,peak,0.061433,0.13,0.25,0.5,1.0,2.0,4.01,8.01,15.92,32.57,66.54,138.85,200.62,201.43,202.62,201.1,201.41,202.1,202.56,202.75,194.21,169.87,169.87
ib_read_bw,9000,16,mocr4pcc04u16,mocr4pcc04u15,2,0,avg,0.055775,0.11,0.23,0.46,0.9,1.82,3.65,7.24,14.56,29.02,54.06,115.67,189.9,195.55,195.95,177.71,188.36,194.17,195.41,196.73,185.62,163.78,163.79
ib_read_bw,9000,16,mocr4pcc04u16,mocr4pcc04u15,2,0,peak,0.056515,0.11,0.23,0.46,0.91,1.84,3.66,7.29,14.63,29.16,57.07,115.92,190.02,195.56,195.95,191.28,191.58,194.18,195.41,196.73,185.83,163.79,163.79
ib_read_bw,9000,16,mocr4pcc04u16,mocr4pcc04u15,1,1,avg,0.057161,0.12,0.23,0.47,0.93,1.87,3.75,7.47,15.15,30.36,60.15,128.9,198.33,202.3,193.72,201.25,200.71,201.08,201.38,199.78,189.5,167.11,166.9
ib_read_bw,9000,16,mocr4pcc04u16,mocr4pcc04u15,1,1,peak,0.057971,0.12,0.23,0.47,0.93,1.88,3.78,7.49,15.21,30.57,60.83,129.35,198.46,202.41,193.77,201.27,200.72,201.08,202.19,199.79,189.98,167.11,166.9
ib_write_bw,9000,16,mocr4pcc04u16,mocr4pcc04u15,3,3,avg,0.057558,0.12,0.24,0.47,0.94,1.88,3.75,7.51,15.01,29.81,57.58,33.14,62.77,164.19,187.36,192.32,197.19,197.28,196.64,197.35,188.09,163.2,163.19
ib_write_bw,9000,16,mocr4pcc04u16,mocr4pcc04u15,3,3,peak,0.058065,0.12,0.24,0.47,0.94,1.89,3.76,7.54,15.06,30.12,60.14,120.27,195.31,193.01,195.44,195.44,197.2,197.28,196.64,197.35,188.18,163.2,163.19
