prot,role,srvip,mtu,len,ws,br,par,affin,srvnode,cltnode,t,Bandwidth
tcp,clt,192.168.60.185,9000,128K,0,0,32,128-255-384-511,mocr4pcc04u05,mocr4pcc04u06,0,227.0
tcp,srv,192.168.60.185,9000,128K,0,0,32,128-255-384-511,mocr4pcc04u05,mocr4pcc04u06,0,227.0
tcp,srv,192.168.60.185,9000,128K,0,0,32,0-127-256-383,mocr4pcc04u05,mocr4pcc04u06,0,227.0
tcp,clt,192.168.60.185,9000,128K,0,0,32,0-127-256-383,mocr4pcc04u05,mocr4pcc04u06,0,227.0
tcp,srv,192.168.60.185,9000,128K,0,0,32,0-127-256-383,mocr4pcc04u05,mocr4pcc04u06,1,227.0
tcp,clt,192.168.60.185,9000,128K,0,0,32,128-255-384-511,mocr4pcc04u05,mocr4pcc04u06,1,227.0
tcp,clt,192.168.60.185,9000,128K,0,0,32,0-127-256-383,mocr4pcc04u05,mocr4pcc04u06,1,227.0
tcp,srv,192.168.60.185,9000,128K,0,0,32,128-255-384-511,mocr4pcc04u05,mocr4pcc04u06,1,227.0
tcp,clt,192.168.60.185,9000,128K,0,0,32,128-255-384-511,mocr4pcc04u05,mocr4pcc04u06,2,227.0
tcp,srv,192.168.60.185,9000,128K,0,0,32,128-255-384-511,mocr4pcc04u05,mocr4pcc04u06,2,227.0
tcp,clt,192.168.60.185,9000,128K,0,0,32,0-127-256-383,mocr4pcc04u05,mocr4pcc04u06,2,227.0
tcp,srv,192.168.60.185,9000,128K,0,0,32,0-127-256-383,mocr4pcc04u05,mocr4pcc04u06,2,227.0
tcp,srv,192.168.60.185,9000,128K,0,0,32,0-127-256-383,mocr4pcc04u05,mocr4pcc04u09,0,227.0
tcp,srv,192.168.60.185,9000,128K,0,0,32,128-255-384-511,mocr4pcc04u05,mocr4pcc04u09,0,227.0
tcp,clt,192.168.60.185,9000,128K,0,0,32,0-127-256-383,mocr4pcc04u05,mocr4pcc04u09,0,227.0
tcp,clt,192.168.60.185,9000,128K,0,0,32,128-255-384-511,mocr4pcc04u05,mocr4pcc04u09,0,227.0
tcp,srv,192.168.60.185,9000,128K,0,0,32,128-255-384-511,mocr4pcc04u05,mocr4pcc04u09,1,227.0
tcp,clt,192.168.60.185,9000,128K,0,0,32,128-255-384-511,mocr4pcc04u05,mocr4pcc04u09,1,227.0
tcp,clt,192.168.60.185,9000,128K,0,0,32,0-127-256-383,mocr4pcc04u05,mocr4pcc04u09,1,227.0
tcp,srv,192.168.60.185,9000,128K,0,0,32,0-127-256-383,mocr4pcc04u05,mocr4pcc04u09,1,227.0
tcp,clt,192.168.60.185,9000,128K,0,0,32,0-127-256-383,mocr4pcc04u05,mocr4pcc04u09,2,227.0
tcp,srv,192.168.60.185,9000,128K,0,0,32,0-127-256-383,mocr4pcc04u05,mocr4pcc04u09,2,227.0
tcp,srv,192.168.60.185,9000,128K,0,0,32,128-255-384-511,mocr4pcc04u05,mocr4pcc04u09,2,227.0
tcp,clt,192.168.60.185,9000,128K,0,0,32,128-255-384-511,mocr4pcc04u05,mocr4pcc04u09,2,227.0
tcp,clt,192.168.60.185,9000,128K,0,0,32,128-255-384-511,mocr4pcc04u05,mocr4pcc04u10,0,227.0
tcp,srv,192.168.60.185,9000,128K,0,0,32,128-255-384-511,mocr4pcc04u05,mocr4pcc04u10,0,227.0
tcp,clt,192.168.60.185,9000,128K,0,0,32,0-127-256-383,mocr4pcc04u05,mocr4pcc04u10,0,227.0
tcp,srv,192.168.60.185,9000,128K,0,0,32,0-127-256-383,mocr4pcc04u05,mocr4pcc04u10,0,227.0
tcp,clt,192.168.60.185,9000,128K,0,0,32,128-255-384-511,mocr4pcc04u05,mocr4pcc04u10,1,227.0
tcp,clt,192.168.60.185,9000,128K,0,0,32,0-127-256-383,mocr4pcc04u05,mocr4pcc04u10,1,227.0
tcp,srv,192.168.60.185,9000,128K,0,0,32,0-127-256-383,mocr4pcc04u05,mocr4pcc04u10,1,227.0
tcp,srv,192.168.60.185,9000,128K,0,0,32,128-255-384-511,mocr4pcc04u05,mocr4pcc04u10,1,227.0
tcp,srv,192.168.60.185,9000,128K,0,0,32,0-127-256-383,mocr4pcc04u05,mocr4pcc04u10,2,227.0
tcp,clt,192.168.60.185,9000,128K,0,0,32,0-127-256-383,mocr4pcc04u05,mocr4pcc04u10,2,227.0
tcp,srv,192.168.60.185,9000,128K,0,0,32,128-255-384-511,mocr4pcc04u05,mocr4pcc04u10,2,227.0
tcp,clt,192.168.60.185,9000,128K,0,0,32,128-255-384-511,mocr4pcc04u05,mocr4pcc04u10,2,227.0
tcp,srv,192.168.60.185,9000,128K,0,0,32,128-255-384-511,mocr4pcc04u05,mocr4pcc04u11,0,227.0
tcp,clt,192.168.60.185,9000,128K,0,0,32,128-255-384-511,mocr4pcc04u05,mocr4pcc04u11,0,227.0
tcp,clt,192.168.60.185,9000,128K,0,0,32,0-127-256-383,mocr4pcc04u05,mocr4pcc04u11,0,227.0
tcp,srv,192.168.60.185,9000,128K,0,0,32,0-127-256-383,mocr4pcc04u05,mocr4pcc04u11,0,227.0
tcp,srv,192.168.60.185,9000,128K,0,0,32,128-255-384-511,mocr4pcc04u05,mocr4pcc04u11,1,227.0
tcp,clt,192.168.60.185,9000,128K,0,0,32,0-127-256-383,mocr4pcc04u05,mocr4pcc04u11,1,227.0
tcp,clt,192.168.60.185,9000,128K,0,0,32,128-255-384-511,mocr4pcc04u05,mocr4pcc04u11,1,227.0
tcp,srv,192.168.60.185,9000,128K,0,0,32,0-127-256-383,mocr4pcc04u05,mocr4pcc04u11,1,227.0
tcp,clt,192.168.60.185,9000,128K,0,0,32,0-127-256-383,mocr4pcc04u05,mocr4pcc04u11,2,227.0
tcp,srv,192.168.60.185,9000,128K,0,0,32,128-255-384-511,mocr4pcc04u05,mocr4pcc04u11,2,227.0
tcp,clt,192.168.60.185,9000,128K,0,0,32,128-255-384-511,mocr4pcc04u05,mocr4pcc04u11,2,227.0
tcp,srv,192.168.60.185,9000,128K,0,0,32,0-127-256-383,mocr4pcc04u05,mocr4pcc04u11,2,227.0
tcp,srv,192.168.60.185,9000,128K,0,0,32,128-255-384-511,mocr4pcc04u05,mocr4pcc04u12,0,227.0
tcp,clt,192.168.60.185,9000,128K,0,0,32,128-255-384-511,mocr4pcc04u05,mocr4pcc04u12,0,227.0
tcp,srv,192.168.60.185,9000,128K,0,0,32,0-127-256-383,mocr4pcc04u05,mocr4pcc04u12,0,227.0
tcp,clt,192.168.60.185,9000,128K,0,0,32,0-127-256-383,mocr4pcc04u05,mocr4pcc04u12,0,227.0
tcp,clt,192.168.60.185,9000,128K,0,0,32,0-127-256-383,mocr4pcc04u05,mocr4pcc04u12,1,227.0
tcp,srv,192.168.60.185,9000,128K,0,0,32,0-127-256-383,mocr4pcc04u05,mocr4pcc04u12,1,227.0
tcp,clt,192.168.60.185,9000,128K,0,0,32,128-255-384-511,mocr4pcc04u05,mocr4pcc04u12,1,227.0
tcp,srv,192.168.60.185,9000,128K,0,0,32,128-255-384-511,mocr4pcc04u05,mocr4pcc04u12,1,227.0
tcp,clt,192.168.60.185,9000,128K,0,0,32,128-255-384-511,mocr4pcc04u05,mocr4pcc04u12,2,227.0
tcp,srv,192.168.60.185,9000,128K,0,0,32,0-127-256-383,mocr4pcc04u05,mocr4pcc04u12,2,227.0
tcp,srv,192.168.60.185,9000,128K,0,0,32,128-255-384-511,mocr4pcc04u05,mocr4pcc04u12,2,227.0
tcp,clt,192.168.60.185,9000,128K,0,0,32,0-127-256-383,mocr4pcc04u05,mocr4pcc04u12,2,227.0
tcp,srv,192.168.60.185,9000,128K,0,0,32,128-255-384-511,mocr4pcc04u05,mocr4pcc04u15,0,227.0
tcp,clt,192.168.60.185,9000,128K,0,0,32,0-127-256-383,mocr4pcc04u05,mocr4pcc04u15,0,227.0
tcp,srv,192.168.60.185,9000,128K,0,0,32,0-127-256-383,mocr4pcc04u05,mocr4pcc04u15,0,227.0
tcp,clt,192.168.60.185,9000,128K,0,0,32,128-255-384-511,mocr4pcc04u05,mocr4pcc04u15,0,227.0
tcp,srv,192.168.60.185,9000,128K,0,0,32,128-255-384-511,mocr4pcc04u05,mocr4pcc04u15,1,227.0
tcp,clt,192.168.60.185,9000,128K,0,0,32,0-127-256-383,mocr4pcc04u05,mocr4pcc04u15,1,227.0
tcp,clt,192.168.60.185,9000,128K,0,0,32,128-255-384-511,mocr4pcc04u05,mocr4pcc04u15,1,227.0
tcp,srv,192.168.60.185,9000,128K,0,0,32,0-127-256-383,mocr4pcc04u05,mocr4pcc04u15,1,227.0
tcp,clt,192.168.60.185,9000,128K,0,0,32,128-255-384-511,mocr4pcc04u05,mocr4pcc04u15,2,227.0
tcp,clt,192.168.60.185,9000,128K,0,0,32,0-127-256-383,mocr4pcc04u05,mocr4pcc04u15,2,227.0
tcp,srv,192.168.60.185,9000,128K,0,0,32,0-127-256-383,mocr4pcc04u05,mocr4pcc04u15,2,227.0
tcp,srv,192.168.60.185,9000,128K,0,0,32,128-255-384-511,mocr4pcc04u05,mocr4pcc04u15,2,227.0
tcp,clt,192.168.60.185,9000,128K,0,0,32,0-127-256-383,mocr4pcc04u05,mocr4pcc04u16,0,227.0
tcp,clt,192.168.60.185,9000,128K,0,0,32,128-255-384-511,mocr4pcc04u05,mocr4pcc04u16,0,227.0
tcp,srv,192.168.60.185,9000,128K,0,0,32,0-127-256-383,mocr4pcc04u05,mocr4pcc04u16,0,227.0
tcp,srv,192.168.60.185,9000,128K,0,0,32,128-255-384-511,mocr4pcc04u05,mocr4pcc04u16,0,227.0
tcp,clt,192.168.60.185,9000,128K,0,0,32,128-255-384-511,mocr4pcc04u05,mocr4pcc04u16,1,227.0
tcp,srv,192.168.60.185,9000,128K,0,0,32,0-127-256-383,mocr4pcc04u05,mocr4pcc04u16,1,227.0
tcp,srv,192.168.60.185,9000,128K,0,0,32,128-255-384-511,mocr4pcc04u05,mocr4pcc04u16,1,227.0
tcp,clt,192.168.60.185,9000,128K,0,0,32,0-127-256-383,mocr4pcc04u05,mocr4pcc04u16,1,227.0
tcp,clt,192.168.60.185,9000,128K,0,0,32,0-127-256-383,mocr4pcc04u05,mocr4pcc04u16,2,227.0
tcp,srv,192.168.60.185,9000,128K,0,0,32,128-255-384-511,mocr4pcc04u05,mocr4pcc04u16,2,227.0
tcp,srv,192.168.60.185,9000,128K,0,0,32,0-127-256-383,mocr4pcc04u05,mocr4pcc04u16,2,227.0
tcp,clt,192.168.60.185,9000,128K,0,0,32,128-255-384-511,mocr4pcc04u05,mocr4pcc04u16,2,227.0
tcp,clt,192.168.60.193,9000,128K,0,0,32,0-127-256-383,mocr4pcc04u06,mocr4pcc04u05,0,227.0
tcp,srv,192.168.60.193,9000,128K,0,0,32,128-255-384-511,mocr4pcc04u06,mocr4pcc04u05,0,227.0
tcp,clt,192.168.60.193,9000,128K,0,0,32,128-255-384-511,mocr4pcc04u06,mocr4pcc04u05,0,227.0
tcp,srv,192.168.60.193,9000,128K,0,0,32,0-127-256-383,mocr4pcc04u06,mocr4pcc04u05,0,227.0
tcp,srv,192.168.60.193,9000,128K,0,0,32,128-255-384-511,mocr4pcc04u06,mocr4pcc04u05,1,227.0
tcp,clt,192.168.60.193,9000,128K,0,0,32,0-127-256-383,mocr4pcc04u06,mocr4pcc04u05,1,227.0
tcp,srv,192.168.60.193,9000,128K,0,0,32,0-127-256-383,mocr4pcc04u06,mocr4pcc04u05,1,227.0
tcp,clt,192.168.60.193,9000,128K,0,0,32,128-255-384-511,mocr4pcc04u06,mocr4pcc04u05,1,227.0
tcp,clt,192.168.60.193,9000,128K,0,0,32,128-255-384-511,mocr4pcc04u06,mocr4pcc04u05,2,227.0
tcp,srv,192.168.60.193,9000,128K,0,0,32,128-255-384-511,mocr4pcc04u06,mocr4pcc04u05,2,227.0
tcp,clt,192.168.60.193,9000,128K,0,0,32,0-127-256-383,mocr4pcc04u06,mocr4pcc04u05,2,227.0
tcp,srv,192.168.60.193,9000,128K,0,0,32,0-127-256-383,mocr4pcc04u06,mocr4pcc04u05,2,227.0
tcp,srv,192.168.60.193,9000,128K,0,0,32,128-255-384-511,mocr4pcc04u06,mocr4pcc04u09,0,227.0
tcp,clt,192.168.60.193,9000,128K,0,0,32,0-127-256-383,mocr4pcc04u06,mocr4pcc04u09,0,227.0
tcp,srv,192.168.60.193,9000,128K,0,0,32,0-127-256-383,mocr4pcc04u06,mocr4pcc04u09,0,227.0
tcp,clt,192.168.60.193,9000,128K,0,0,32,128-255-384-511,mocr4pcc04u06,mocr4pcc04u09,0,227.0
tcp,srv,192.168.60.193,9000,128K,0,0,32,128-255-384-511,mocr4pcc04u06,mocr4pcc04u09,1,227.0
tcp,clt,192.168.60.193,9000,128K,0,0,32,128-255-384-511,mocr4pcc04u06,mocr4pcc04u09,1,227.0
tcp,clt,192.168.60.193,9000,128K,0,0,32,0-127-256-383,mocr4pcc04u06,mocr4pcc04u09,1,227.0
tcp,srv,192.168.60.193,9000,128K,0,0,32,0-127-256-383,mocr4pcc04u06,mocr4pcc04u09,1,227.0
tcp,clt,192.168.60.193,9000,128K,0,0,32,0-127-256-383,mocr4pcc04u06,mocr4pcc04u09,2,227.0
tcp,srv,192.168.60.193,9000,128K,0,0,32,128-255-384-511,mocr4pcc04u06,mocr4pcc04u09,2,227.0
tcp,clt,192.168.60.193,9000,128K,0,0,32,128-255-384-511,mocr4pcc04u06,mocr4pcc04u09,2,227.0
tcp,srv,192.168.60.193,9000,128K,0,0,32,0-127-256-383,mocr4pcc04u06,mocr4pcc04u09,2,227.0
tcp,clt,192.168.60.193,9000,128K,0,0,32,0-127-256-383,mocr4pcc04u06,mocr4pcc04u10,0,227.0
tcp,clt,192.168.60.193,9000,128K,0,0,32,128-255-384-511,mocr4pcc04u06,mocr4pcc04u10,0,227.0
tcp,srv,192.168.60.193,9000,128K,0,0,32,128-255-384-511,mocr4pcc04u06,mocr4pcc04u10,0,227.0
tcp,srv,192.168.60.193,9000,128K,0,0,32,0-127-256-383,mocr4pcc04u06,mocr4pcc04u10,0,227.0
tcp,srv,192.168.60.193,9000,128K,0,0,32,128-255-384-511,mocr4pcc04u06,mocr4pcc04u10,1,227.0
tcp,clt,192.168.60.193,9000,128K,0,0,32,0-127-256-383,mocr4pcc04u06,mocr4pcc04u10,1,227.0
tcp,srv,192.168.60.193,9000,128K,0,0,32,0-127-256-383,mocr4pcc04u06,mocr4pcc04u10,1,227.0
tcp,clt,192.168.60.193,9000,128K,0,0,32,128-255-384-511,mocr4pcc04u06,mocr4pcc04u10,1,227.0
tcp,clt,192.168.60.193,9000,128K,0,0,32,128-255-384-511,mocr4pcc04u06,mocr4pcc04u10,2,227.0
tcp,srv,192.168.60.193,9000,128K,0,0,32,128-255-384-511,mocr4pcc04u06,mocr4pcc04u10,2,227.0
tcp,srv,192.168.60.193,9000,128K,0,0,32,0-127-256-383,mocr4pcc04u06,mocr4pcc04u10,2,227.0
tcp,clt,192.168.60.193,9000,128K,0,0,32,0-127-256-383,mocr4pcc04u06,mocr4pcc04u10,2,227.0
tcp,srv,192.168.60.193,9000,128K,0,0,32,128-255-384-511,mocr4pcc04u06,mocr4pcc04u11,0,227.0
tcp,srv,192.168.60.193,9000,128K,0,0,32,0-127-256-383,mocr4pcc04u06,mocr4pcc04u11,0,227.0
tcp,clt,192.168.60.193,9000,128K,0,0,32,0-127-256-383,mocr4pcc04u06,mocr4pcc04u11,0,227.0
tcp,clt,192.168.60.193,9000,128K,0,0,32,128-255-384-511,mocr4pcc04u06,mocr4pcc04u11,0,227.0
tcp,srv,192.168.60.193,9000,128K,0,0,32,0-127-256-383,mocr4pcc04u06,mocr4pcc04u11,1,227.0
tcp,clt,192.168.60.193,9000,128K,0,0,32,0-127-256-383,mocr4pcc04u06,mocr4pcc04u11,1,227.0
tcp,srv,192.168.60.193,9000,128K,0,0,32,128-255-384-511,mocr4pcc04u06,mocr4pcc04u11,1,227.0
tcp,clt,192.168.60.193,9000,128K,0,0,32,128-255-384-511,mocr4pcc04u06,mocr4pcc04u11,1,227.0
tcp,clt,192.168.60.193,9000,128K,0,0,32,128-255-384-511,mocr4pcc04u06,mocr4pcc04u11,2,227.0
tcp,srv,192.168.60.193,9000,128K,0,0,32,0-127-256-383,mocr4pcc04u06,mocr4pcc04u11,2,227.0
tcp,clt,192.168.60.193,9000,128K,0,0,32,0-127-256-383,mocr4pcc04u06,mocr4pcc04u11,2,227.0
tcp,srv,192.168.60.193,9000,128K,0,0,32,128-255-384-511,mocr4pcc04u06,mocr4pcc04u11,2,227.0
tcp,clt,192.168.60.193,9000,128K,0,0,32,128-255-384-511,mocr4pcc04u06,mocr4pcc04u12,0,227.0
tcp,clt,192.168.60.193,9000,128K,0,0,32,0-127-256-383,mocr4pcc04u06,mocr4pcc04u12,0,227.0
tcp,srv,192.168.60.193,9000,128K,0,0,32,0-127-256-383,mocr4pcc04u06,mocr4pcc04u12,0,227.0
tcp,srv,192.168.60.193,9000,128K,0,0,32,128-255-384-511,mocr4pcc04u06,mocr4pcc04u12,0,227.0
tcp,srv,192.168.60.193,9000,128K,0,0,32,128-255-384-511,mocr4pcc04u06,mocr4pcc04u12,1,227.0
tcp,clt,192.168.60.193,9000,128K,0,0,32,128-255-384-511,mocr4pcc04u06,mocr4pcc04u12,1,227.0
tcp,clt,192.168.60.193,9000,128K,0,0,32,0-127-256-383,mocr4pcc04u06,mocr4pcc04u12,1,227.0
tcp,srv,192.168.60.193,9000,128K,0,0,32,0-127-256-383,mocr4pcc04u06,mocr4pcc04u12,1,227.0
tcp,clt,192.168.60.193,9000,128K,0,0,32,128-255-384-511,mocr4pcc04u06,mocr4pcc04u12,2,227.0
tcp,srv,192.168.60.193,9000,128K,0,0,32,0-127-256-383,mocr4pcc04u06,mocr4pcc04u12,2,227.0
tcp,srv,192.168.60.193,9000,128K,0,0,32,128-255-384-511,mocr4pcc04u06,mocr4pcc04u12,2,227.0
tcp,clt,192.168.60.193,9000,128K,0,0,32,0-127-256-383,mocr4pcc04u06,mocr4pcc04u12,2,227.0
tcp,srv,192.168.60.193,9000,128K,0,0,32,0-127-256-383,mocr4pcc04u06,mocr4pcc04u15,0,227.0
tcp,clt,192.168.60.193,9000,128K,0,0,32,128-255-384-511,mocr4pcc04u06,mocr4pcc04u15,0,227.0
tcp,srv,192.168.60.193,9000,128K,0,0,32,128-255-384-511,mocr4pcc04u06,mocr4pcc04u15,0,227.0
tcp,clt,192.168.60.193,9000,128K,0,0,32,0-127-256-383,mocr4pcc04u06,mocr4pcc04u15,0,227.0
tcp,srv,192.168.60.193,9000,128K,0,0,32,128-255-384-511,mocr4pcc04u06,mocr4pcc04u15,1,227.0
tcp,srv,192.168.60.193,9000,128K,0,0,32,0-127-256-383,mocr4pcc04u06,mocr4pcc04u15,1,227.0
tcp,clt,192.168.60.193,9000,128K,0,0,32,128-255-384-511,mocr4pcc04u06,mocr4pcc04u15,1,227.0
tcp,clt,192.168.60.193,9000,128K,0,0,32,0-127-256-383,mocr4pcc04u06,mocr4pcc04u15,1,227.0
tcp,clt,192.168.60.193,9000,128K,0,0,32,0-127-256-383,mocr4pcc04u06,mocr4pcc04u15,2,227.0
tcp,srv,192.168.60.193,9000,128K,0,0,32,128-255-384-511,mocr4pcc04u06,mocr4pcc04u15,2,227.0
tcp,srv,192.168.60.193,9000,128K,0,0,32,0-127-256-383,mocr4pcc04u06,mocr4pcc04u15,2,227.0
tcp,clt,192.168.60.193,9000,128K,0,0,32,128-255-384-511,mocr4pcc04u06,mocr4pcc04u15,2,227.0
tcp,clt,192.168.60.193,9000,128K,0,0,32,0-127-256-383,mocr4pcc04u06,mocr4pcc04u16,0,227.0
tcp,srv,192.168.60.193,9000,128K,0,0,32,128-255-384-511,mocr4pcc04u06,mocr4pcc04u16,0,227.0
tcp,clt,192.168.60.193,9000,128K,0,0,32,128-255-384-511,mocr4pcc04u06,mocr4pcc04u16,0,227.0
tcp,srv,192.168.60.193,9000,128K,0,0,32,0-127-256-383,mocr4pcc04u06,mocr4pcc04u16,0,227.0
tcp,srv,192.168.60.193,9000,128K,0,0,32,0-127-256-383,mocr4pcc04u06,mocr4pcc04u16,1,227.0
tcp,clt,192.168.60.193,9000,128K,0,0,32,0-127-256-383,mocr4pcc04u06,mocr4pcc04u16,1,227.0
tcp,srv,192.168.60.193,9000,128K,0,0,32,128-255-384-511,mocr4pcc04u06,mocr4pcc04u16,1,227.0
tcp,clt,192.168.60.193,9000,128K,0,0,32,128-255-384-511,mocr4pcc04u06,mocr4pcc04u16,1,227.0
tcp,srv,192.168.60.193,9000,128K,0,0,32,128-255-384-511,mocr4pcc04u06,mocr4pcc04u16,2,227.0
tcp,clt,192.168.60.193,9000,128K,0,0,32,128-255-384-511,mocr4pcc04u06,mocr4pcc04u16,2,227.0
tcp,clt,192.168.60.193,9000,128K,0,0,32,0-127-256-383,mocr4pcc04u06,mocr4pcc04u16,2,227.0
tcp,srv,192.168.60.193,9000,128K,0,0,32,0-127-256-383,mocr4pcc04u06,mocr4pcc04u16,2,227.0
tcp,srv,192.168.60.20,9000,128K,0,0,32,0-127-256-383,mocr4pcc04u09,mocr4pcc04u05,0,227.0
tcp,clt,192.168.60.20,9000,128K,0,0,32,0-127-256-383,mocr4pcc04u09,mocr4pcc04u05,0,227.0
tcp,clt,192.168.60.20,9000,128K,0,0,32,128-255-384-511,mocr4pcc04u09,mocr4pcc04u05,0,227.0
tcp,srv,192.168.60.20,9000,128K,0,0,32,128-255-384-511,mocr4pcc04u09,mocr4pcc04u05,0,227.0
tcp,clt,192.168.60.20,9000,128K,0,0,32,0-127-256-383,mocr4pcc04u09,mocr4pcc04u05,1,227.0
tcp,srv,192.168.60.20,9000,128K,0,0,32,0-127-256-383,mocr4pcc04u09,mocr4pcc04u05,1,227.0
tcp,clt,192.168.60.20,9000,128K,0,0,32,128-255-384-511,mocr4pcc04u09,mocr4pcc04u05,1,227.0
tcp,srv,192.168.60.20,9000,128K,0,0,32,128-255-384-511,mocr4pcc04u09,mocr4pcc04u05,1,227.0
tcp,srv,192.168.60.20,9000,128K,0,0,32,0-127-256-383,mocr4pcc04u09,mocr4pcc04u05,2,227.0
tcp,srv,192.168.60.20,9000,128K,0,0,32,128-255-384-511,mocr4pcc04u09,mocr4pcc04u05,2,227.0
tcp,clt,192.168.60.20,9000,128K,0,0,32,128-255-384-511,mocr4pcc04u09,mocr4pcc04u05,2,227.0
tcp,clt,192.168.60.20,9000,128K,0,0,32,0-127-256-383,mocr4pcc04u09,mocr4pcc04u05,2,227.0
tcp,clt,192.168.60.20,9000,128K,0,0,32,0-127-256-383,mocr4pcc04u09,mocr4pcc04u06,0,227.0
tcp,srv,192.168.60.20,9000,128K,0,0,32,0-127-256-383,mocr4pcc04u09,mocr4pcc04u06,0,227.0
tcp,srv,192.168.60.20,9000,128K,0,0,32,128-255-384-511,mocr4pcc04u09,mocr4pcc04u06,0,227.0
tcp,clt,192.168.60.20,9000,128K,0,0,32,128-255-384-511,mocr4pcc04u09,mocr4pcc04u06,0,227.0
tcp,srv,192.168.60.20,9000,128K,0,0,32,128-255-384-511,mocr4pcc04u09,mocr4pcc04u06,1,227.0
tcp,clt,192.168.60.20,9000,128K,0,0,32,128-255-384-511,mocr4pcc04u09,mocr4pcc04u06,1,227.0
tcp,clt,192.168.60.20,9000,128K,0,0,32,0-127-256-383,mocr4pcc04u09,mocr4pcc04u06,1,227.0
tcp,srv,192.168.60.20,9000,128K,0,0,32,0-127-256-383,mocr4pcc04u09,mocr4pcc04u06,1,227.0
tcp,srv,192.168.60.20,9000,128K,0,0,32,128-255-384-511,mocr4pcc04u09,mocr4pcc04u06,2,227.0
tcp,srv,192.168.60.20,9000,128K,0,0,32,0-127-256-383,mocr4pcc04u09,mocr4pcc04u06,2,227.0
tcp,clt,192.168.60.20,9000,128K,0,0,32,128-255-384-511,mocr4pcc04u09,mocr4pcc04u06,2,227.0
tcp,clt,192.168.60.20,9000,128K,0,0,32,0-127-256-383,mocr4pcc04u09,mocr4pcc04u06,2,227.0
tcp,clt,192.168.60.20,9000,128K,0,0,32,0-127-256-383,mocr4pcc04u09,mocr4pcc04u10,0,227.0
tcp,srv,192.168.60.20,9000,128K,0,0,32,0-127-256-383,mocr4pcc04u09,mocr4pcc04u10,0,227.0
tcp,srv,192.168.60.20,9000,128K,0,0,32,128-255-384-511,mocr4pcc04u09,mocr4pcc04u10,0,227.0
tcp,clt,192.168.60.20,9000,128K,0,0,32,128-255-384-511,mocr4pcc04u09,mocr4pcc04u10,0,227.0
tcp,clt,192.168.60.20,9000,128K,0,0,32,0-127-256-383,mocr4pcc04u09,mocr4pcc04u10,1,227.0
tcp,srv,192.168.60.20,9000,128K,0,0,32,0-127-256-383,mocr4pcc04u09,mocr4pcc04u10,1,227.0
tcp,clt,192.168.60.20,9000,128K,0,0,32,128-255-384-511,mocr4pcc04u09,mocr4pcc04u10,1,227.0
tcp,srv,192.168.60.20,9000,128K,0,0,32,128-255-384-511,mocr4pcc04u09,mocr4pcc04u10,1,227.0
tcp,srv,192.168.60.20,9000,128K,0,0,32,128-255-384-511,mocr4pcc04u09,mocr4pcc04u10,2,227.0
tcp,srv,192.168.60.20,9000,128K,0,0,32,0-127-256-383,mocr4pcc04u09,mocr4pcc04u10,2,227.0
tcp,clt,192.168.60.20,9000,128K,0,0,32,128-255-384-511,mocr4pcc04u09,mocr4pcc04u10,2,227.0
tcp,clt,192.168.60.20,9000,128K,0,0,32,0-127-256-383,mocr4pcc04u09,mocr4pcc04u10,2,227.0
tcp,srv,192.168.60.20,9000,128K,0,0,32,0-127-256-383,mocr4pcc04u09,mocr4pcc04u11,0,227.0
tcp,clt,192.168.60.20,9000,128K,0,0,32,128-255-384-511,mocr4pcc04u09,mocr4pcc04u11,0,227.0
tcp,clt,192.168.60.20,9000,128K,0,0,32,0-127-256-383,mocr4pcc04u09,mocr4pcc04u11,0,227.0
tcp,srv,192.168.60.20,9000,128K,0,0,32,128-255-384-511,mocr4pcc04u09,mocr4pcc04u11,0,227.0
tcp,clt,192.168.60.20,9000,128K,0,0,32,128-255-384-511,mocr4pcc04u09,mocr4pcc04u11,1,227.0
tcp,clt,192.168.60.20,9000,128K,0,0,32,0-127-256-383,mocr4pcc04u09,mocr4pcc04u11,1,227.0
tcp,srv,192.168.60.20,9000,128K,0,0,32,128-255-384-511,mocr4pcc04u09,mocr4pcc04u11,1,227.0
tcp,srv,192.168.60.20,9000,128K,0,0,32,0-127-256-383,mocr4pcc04u09,mocr4pcc04u11,1,227.0
tcp,clt,192.168.60.20,9000,128K,0,0,32,128-255-384-511,mocr4pcc04u09,mocr4pcc04u11,2,227.0
tcp,srv,192.168.60.20,9000,128K,0,0,32,0-127-256-383,mocr4pcc04u09,mocr4pcc04u11,2,227.0
tcp,srv,192.168.60.20,9000,128K,0,0,32,128-255-384-511,mocr4pcc04u09,mocr4pcc04u11,2,227.0
tcp,clt,192.168.60.20,9000,128K,0,0,32,0-127-256-383,mocr4pcc04u09,mocr4pcc04u11,2,227.0
tcp,srv,192.168.60.20,9000,128K,0,0,32,128-255-384-511,mocr4pcc04u09,mocr4pcc04u12,0,227.0
tcp,srv,192.168.60.20,9000,128K,0,0,32,0-127-256-383,mocr4pcc04u09,mocr4pcc04u12,0,227.0
tcp,clt,192.168.60.20,9000,128K,0,0,32,0-127-256-383,mocr4pcc04u09,mocr4pcc04u12,0,227.0
tcp,clt,192.168.60.20,9000,128K,0,0,32,128-255-384-511,mocr4pcc04u09,mocr4pcc04u12,0,227.0
tcp,srv,192.168.60.20,9000,128K,0,0,32,0-127-256-383,mocr4pcc04u09,mocr4pcc04u12,1,227.0
tcp,clt,192.168.60.20,9000,128K,0,0,32,128-255-384-511,mocr4pcc04u09,mocr4pcc04u12,1,227.0
tcp,srv,192.168.60.20,9000,128K,0,0,32,128-255-384-511,mocr4pcc04u09,mocr4pcc04u12,1,227.0
tcp,clt,192.168.60.20,9000,128K,0,0,32,0-127-256-383,mocr4pcc04u09,mocr4pcc04u12,1,227.0
tcp,clt,192.168.60.20,9000,128K,0,0,32,128-255-384-511,mocr4pcc04u09,mocr4pcc04u12,2,227.0
tcp,clt,192.168.60.20,9000,128K,0,0,32,0-127-256-383,mocr4pcc04u09,mocr4pcc04u12,2,227.0
tcp,srv,192.168.60.20,9000,128K,0,0,32,128-255-384-511,mocr4pcc04u09,mocr4pcc04u12,2,227.0
tcp,srv,192.168.60.20,9000,128K,0,0,32,0-127-256-383,mocr4pcc04u09,mocr4pcc04u12,2,227.0
tcp,srv,192.168.60.20,9000,128K,0,0,32,0-127-256-383,mocr4pcc04u09,mocr4pcc04u15,0,227.0
tcp,clt,192.168.60.20,9000,128K,0,0,32,0-127-256-383,mocr4pcc04u09,mocr4pcc04u15,0,227.0
tcp,clt,192.168.60.20,9000,128K,0,0,32,128-255-384-511,mocr4pcc04u09,mocr4pcc04u15,0,227.0
tcp,srv,192.168.60.20,9000,128K,0,0,32,128-255-384-511,mocr4pcc04u09,mocr4pcc04u15,0,227.0
tcp,clt,192.168.60.20,9000,128K,0,0,32,128-255-384-511,mocr4pcc04u09,mocr4pcc04u15,1,227.0
tcp,clt,192.168.60.20,9000,128K,0,0,32,0-127-256-383,mocr4pcc04u09,mocr4pcc04u15,1,227.0
tcp,srv,192.168.60.20,9000,128K,0,0,32,128-255-384-511,mocr4pcc04u09,mocr4pcc04u15,1,227.0
tcp,srv,192.168.60.20,9000,128K,0,0,32,0-127-256-383,mocr4pcc04u09,mocr4pcc04u15,1,227.0
tcp,clt,192.168.60.20,9000,128K,0,0,32,0-127-256-383,mocr4pcc04u09,mocr4pcc04u15,2,227.0
tcp,srv,192.168.60.20,9000,128K,0,0,32,128-255-384-511,mocr4pcc04u09,mocr4pcc04u15,2,227.0
tcp,srv,192.168.60.20,9000,128K,0,0,32,0-127-256-383,mocr4pcc04u09,mocr4pcc04u15,2,227.0
tcp,clt,192.168.60.20,9000,128K,0,0,32,128-255-384-511,mocr4pcc04u09,mocr4pcc04u15,2,227.0
tcp,clt,192.168.60.20,9000,128K,0,0,32,0-127-256-383,mocr4pcc04u09,mocr4pcc04u16,0,227.0
tcp,srv,192.168.60.20,9000,128K,0,0,32,128-255-384-511,mocr4pcc04u09,mocr4pcc04u16,0,227.0
tcp,clt,192.168.60.20,9000,128K,0,0,32,128-255-384-511,mocr4pcc04u09,mocr4pcc04u16,0,227.0
tcp,srv,192.168.60.20,9000,128K,0,0,32,0-127-256-383,mocr4pcc04u09,mocr4pcc04u16,0,227.0
tcp,srv,192.168.60.20,9000,128K,0,0,32,128-255-384-511,mocr4pcc04u09,mocr4pcc04u16,1,227.0
tcp,srv,192.168.60.20,9000,128K,0,0,32,0-127-256-383,mocr4pcc04u09,mocr4pcc04u16,1,227.0
tcp,clt,192.168.60.20,9000,128K,0,0,32,0-127-256-383,mocr4pcc04u09,mocr4pcc04u16,1,227.0
tcp,clt,192.168.60.20,9000,128K,0,0,32,128-255-384-511,mocr4pcc04u09,mocr4pcc04u16,1,227.0
tcp,clt,192.168.60.20,9000,128K,0,0,32,128-255-384-511,mocr4pcc04u09,mocr4pcc04u16,2,227.0
tcp,srv,192.168.60.20,9000,128K,0,0,32,128-255-384-511,mocr4pcc04u09,mocr4pcc04u16,2,227.0
tcp,srv,192.168.60.20,9000,128K,0,0,32,0-127-256-383,mocr4pcc04u09,mocr4pcc04u16,2,227.0
tcp,clt,192.168.60.20,9000,128K,0,0,32,0-127-256-383,mocr4pcc04u09,mocr4pcc04u16,2,227.0
tcp,clt,192.168.60.128,9000,128K,0,0,32,128-255-384-511,mocr4pcc04u10,mocr4pcc04u05,0,227.0
tcp,clt,192.168.60.128,9000,128K,0,0,32,0-127-256-383,mocr4pcc04u10,mocr4pcc04u05,0,227.0
tcp,srv,192.168.60.128,9000,128K,0,0,32,0-127-256-383,mocr4pcc04u10,mocr4pcc04u05,0,227.0
tcp,srv,192.168.60.128,9000,128K,0,0,32,128-255-384-511,mocr4pcc04u10,mocr4pcc04u05,0,227.0
tcp,clt,192.168.60.128,9000,128K,0,0,32,128-255-384-511,mocr4pcc04u10,mocr4pcc04u05,1,227.0
tcp,srv,192.168.60.128,9000,128K,0,0,32,128-255-384-511,mocr4pcc04u10,mocr4pcc04u05,1,227.0
tcp,srv,192.168.60.128,9000,128K,0,0,32,0-127-256-383,mocr4pcc04u10,mocr4pcc04u05,1,227.0
tcp,clt,192.168.60.128,9000,128K,0,0,32,0-127-256-383,mocr4pcc04u10,mocr4pcc04u05,1,227.0
tcp,clt,192.168.60.128,9000,128K,0,0,32,0-127-256-383,mocr4pcc04u10,mocr4pcc04u05,2,227.0
tcp,srv,192.168.60.128,9000,128K,0,0,32,0-127-256-383,mocr4pcc04u10,mocr4pcc04u05,2,227.0
tcp,srv,192.168.60.128,9000,128K,0,0,32,128-255-384-511,mocr4pcc04u10,mocr4pcc04u05,2,227.0
tcp,clt,192.168.60.128,9000,128K,0,0,32,128-255-384-511,mocr4pcc04u10,mocr4pcc04u05,2,227.0
tcp,clt,192.168.60.128,9000,128K,0,0,32,128-255-384-511,mocr4pcc04u10,mocr4pcc04u06,0,227.0
tcp,srv,192.168.60.128,9000,128K,0,0,32,128-255-384-511,mocr4pcc04u10,mocr4pcc04u06,0,227.0
tcp,clt,192.168.60.128,9000,128K,0,0,32,0-127-256-383,mocr4pcc04u10,mocr4pcc04u06,0,227.0
tcp,srv,192.168.60.128,9000,128K,0,0,32,0-127-256-383,mocr4pcc04u10,mocr4pcc04u06,0,227.0
tcp,srv,192.168.60.128,9000,128K,0,0,32,128-255-384-511,mocr4pcc04u10,mocr4pcc04u06,1,227.0
tcp,srv,192.168.60.128,9000,128K,0,0,32,0-127-256-383,mocr4pcc04u10,mocr4pcc04u06,1,227.0
tcp,clt,192.168.60.128,9000,128K,0,0,32,128-255-384-511,mocr4pcc04u10,mocr4pcc04u06,1,227.0
tcp,clt,192.168.60.128,9000,128K,0,0,32,0-127-256-383,mocr4pcc04u10,mocr4pcc04u06,1,227.0
tcp,srv,192.168.60.128,9000,128K,0,0,32,128-255-384-511,mocr4pcc04u10,mocr4pcc04u06,2,227.0
tcp,clt,192.168.60.128,9000,128K,0,0,32,0-127-256-383,mocr4pcc04u10,mocr4pcc04u06,2,227.0
tcp,clt,192.168.60.128,9000,128K,0,0,32,128-255-384-511,mocr4pcc04u10,mocr4pcc04u06,2,227.0
tcp,srv,192.168.60.128,9000,128K,0,0,32,0-127-256-383,mocr4pcc04u10,mocr4pcc04u06,2,227.0
tcp,clt,192.168.60.128,9000,128K,0,0,32,128-255-384-511,mocr4pcc04u10,mocr4pcc04u09,0,227.0
tcp,clt,192.168.60.128,9000,128K,0,0,32,0-127-256-383,mocr4pcc04u10,mocr4pcc04u09,0,227.0
tcp,srv,192.168.60.128,9000,128K,0,0,32,0-127-256-383,mocr4pcc04u10,mocr4pcc04u09,0,227.0
tcp,srv,192.168.60.128,9000,128K,0,0,32,128-255-384-511,mocr4pcc04u10,mocr4pcc04u09,0,227.0
tcp,clt,192.168.60.128,9000,128K,0,0,32,128-255-384-511,mocr4pcc04u10,mocr4pcc04u09,1,227.0
tcp,clt,192.168.60.128,9000,128K,0,0,32,0-127-256-383,mocr4pcc04u10,mocr4pcc04u09,1,227.0
tcp,srv,192.168.60.128,9000,128K,0,0,32,128-255-384-511,mocr4pcc04u10,mocr4pcc04u09,1,227.0
tcp,srv,192.168.60.128,9000,128K,0,0,32,0-127-256-383,mocr4pcc04u10,mocr4pcc04u09,1,227.0
tcp,srv,192.168.60.128,9000,128K,0,0,32,128-255-384-511,mocr4pcc04u10,mocr4pcc04u09,2,227.0
tcp,srv,192.168.60.128,9000,128K,0,0,32,0-127-256-383,mocr4pcc04u10,mocr4pcc04u09,2,227.0
tcp,clt,192.168.60.128,9000,128K,0,0,32,0-127-256-383,mocr4pcc04u10,mocr4pcc04u09,2,227.0
tcp,clt,192.168.60.128,9000,128K,0,0,32,128-255-384-511,mocr4pcc04u10,mocr4pcc04u09,2,227.0
tcp,clt,192.168.60.128,9000,128K,0,0,32,0-127-256-383,mocr4pcc04u10,mocr4pcc04u11,0,227.0
tcp,srv,192.168.60.128,9000,128K,0,0,32,128-255-384-511,mocr4pcc04u10,mocr4pcc04u11,0,227.0
tcp,srv,192.168.60.128,9000,128K,0,0,32,0-127-256-383,mocr4pcc04u10,mocr4pcc04u11,0,227.0
tcp,clt,192.168.60.128,9000,128K,0,0,32,128-255-384-511,mocr4pcc04u10,mocr4pcc04u11,0,227.0
tcp,srv,192.168.60.128,9000,128K,0,0,32,128-255-384-511,mocr4pcc04u10,mocr4pcc04u11,1,227.0
tcp,clt,192.168.60.128,9000,128K,0,0,32,128-255-384-511,mocr4pcc04u10,mocr4pcc04u11,1,227.0
tcp,srv,192.168.60.128,9000,128K,0,0,32,0-127-256-383,mocr4pcc04u10,mocr4pcc04u11,1,227.0
tcp,clt,192.168.60.128,9000,128K,0,0,32,0-127-256-383,mocr4pcc04u10,mocr4pcc04u11,1,227.0
tcp,srv,192.168.60.128,9000,128K,0,0,32,128-255-384-511,mocr4pcc04u10,mocr4pcc04u11,2,227.0
tcp,clt,192.168.60.128,9000,128K,0,0,32,0-127-256-383,mocr4pcc04u10,mocr4pcc04u11,2,227.0
tcp,srv,192.168.60.128,9000,128K,0,0,32,0-127-256-383,mocr4pcc04u10,mocr4pcc04u11,2,227.0
tcp,clt,192.168.60.128,9000,128K,0,0,32,128-255-384-511,mocr4pcc04u10,mocr4pcc04u11,2,227.0
tcp,srv,192.168.60.128,9000,128K,0,0,32,0-127-256-383,mocr4pcc04u10,mocr4pcc04u12,0,227.0
tcp,srv,192.168.60.128,9000,128K,0,0,32,128-255-384-511,mocr4pcc04u10,mocr4pcc04u12,0,227.0
tcp,clt,192.168.60.128,9000,128K,0,0,32,128-255-384-511,mocr4pcc04u10,mocr4pcc04u12,0,227.0
tcp,clt,192.168.60.128,9000,128K,0,0,32,0-127-256-383,mocr4pcc04u10,mocr4pcc04u12,0,227.0
tcp,srv,192.168.60.128,9000,128K,0,0,32,0-127-256-383,mocr4pcc04u10,mocr4pcc04u12,1,227.0
tcp,clt,192.168.60.128,9000,128K,0,0,32,0-127-256-383,mocr4pcc04u10,mocr4pcc04u12,1,227.0
tcp,srv,192.168.60.128,9000,128K,0,0,32,128-255-384-511,mocr4pcc04u10,mocr4pcc04u12,1,227.0
tcp,clt,192.168.60.128,9000,128K,0,0,32,128-255-384-511,mocr4pcc04u10,mocr4pcc04u12,1,227.0
tcp,clt,192.168.60.128,9000,128K,0,0,32,0-127-256-383,mocr4pcc04u10,mocr4pcc04u12,2,227.0
tcp,clt,192.168.60.128,9000,128K,0,0,32,128-255-384-511,mocr4pcc04u10,mocr4pcc04u12,2,227.0
tcp,srv,192.168.60.128,9000,128K,0,0,32,0-127-256-383,mocr4pcc04u10,mocr4pcc04u12,2,227.0
tcp,srv,192.168.60.128,9000,128K,0,0,32,128-255-384-511,mocr4pcc04u10,mocr4pcc04u12,2,227.0
tcp,clt,192.168.60.128,9000,128K,0,0,32,0-127-256-383,mocr4pcc04u10,mocr4pcc04u15,0,227.0
tcp,srv,192.168.60.128,9000,128K,0,0,32,128-255-384-511,mocr4pcc04u10,mocr4pcc04u15,0,227.0
tcp,clt,192.168.60.128,9000,128K,0,0,32,128-255-384-511,mocr4pcc04u10,mocr4pcc04u15,0,227.0
tcp,srv,192.168.60.128,9000,128K,0,0,32,0-127-256-383,mocr4pcc04u10,mocr4pcc04u15,0,227.0
tcp,srv,192.168.60.128,9000,128K,0,0,32,128-255-384-511,mocr4pcc04u10,mocr4pcc04u15,1,227.0
tcp,clt,192.168.60.128,9000,128K,0,0,32,0-127-256-383,mocr4pcc04u10,mocr4pcc04u15,1,227.0
tcp,srv,192.168.60.128,9000,128K,0,0,32,0-127-256-383,mocr4pcc04u10,mocr4pcc04u15,1,227.0
tcp,clt,192.168.60.128,9000,128K,0,0,32,128-255-384-511,mocr4pcc04u10,mocr4pcc04u15,1,227.0
tcp,clt,192.168.60.128,9000,128K,0,0,32,128-255-384-511,mocr4pcc04u10,mocr4pcc04u15,2,227.0
tcp,srv,192.168.60.128,9000,128K,0,0,32,0-127-256-383,mocr4pcc04u10,mocr4pcc04u15,2,227.0
tcp,srv,192.168.60.128,9000,128K,0,0,32,128-255-384-511,mocr4pcc04u10,mocr4pcc04u15,2,227.0
tcp,clt,192.168.60.128,9000,128K,0,0,32,0-127-256-383,mocr4pcc04u10,mocr4pcc04u15,2,227.0
tcp,clt,192.168.60.128,9000,128K,0,0,32,0-127-256-383,mocr4pcc04u10,mocr4pcc04u16,0,227.0
tcp,clt,192.168.60.128,9000,128K,0,0,32,128-255-384-511,mocr4pcc04u10,mocr4pcc04u16,0,227.0
tcp,srv,192.168.60.128,9000,128K,0,0,32,0-127-256-383,mocr4pcc04u10,mocr4pcc04u16,0,227.0
tcp,srv,192.168.60.128,9000,128K,0,0,32,128-255-384-511,mocr4pcc04u10,mocr4pcc04u16,0,227.0
tcp,clt,192.168.60.128,9000,128K,0,0,32,0-127-256-383,mocr4pcc04u10,mocr4pcc04u16,1,227.0
tcp,srv,192.168.60.128,9000,128K,0,0,32,0-127-256-383,mocr4pcc04u10,mocr4pcc04u16,1,227.0
tcp,srv,192.168.60.128,9000,128K,0,0,32,128-255-384-511,mocr4pcc04u10,mocr4pcc04u16,1,227.0
tcp,clt,192.168.60.128,9000,128K,0,0,32,128-255-384-511,mocr4pcc04u10,mocr4pcc04u16,1,227.0
tcp,srv,192.168.60.128,9000,128K,0,0,32,0-127-256-383,mocr4pcc04u10,mocr4pcc04u16,2,227.0
tcp,srv,192.168.60.128,9000,128K,0,0,32,128-255-384-511,mocr4pcc04u10,mocr4pcc04u16,2,227.0
tcp,clt,192.168.60.128,9000,128K,0,0,32,128-255-384-511,mocr4pcc04u10,mocr4pcc04u16,2,227.0
tcp,clt,192.168.60.128,9000,128K,0,0,32,0-127-256-383,mocr4pcc04u10,mocr4pcc04u16,2,227.0
tcp,clt,192.168.60.150,9000,128K,0,0,32,0-127-256-383,mocr4pcc04u11,mocr4pcc04u05,0,227.0
tcp,clt,192.168.60.150,9000,128K,0,0,32,128-255-384-511,mocr4pcc04u11,mocr4pcc04u05,0,227.0
tcp,srv,192.168.60.150,9000,128K,0,0,32,0-127-256-383,mocr4pcc04u11,mocr4pcc04u05,0,227.0
tcp,srv,192.168.60.150,9000,128K,0,0,32,128-255-384-511,mocr4pcc04u11,mocr4pcc04u05,0,227.0
tcp,srv,192.168.60.150,9000,128K,0,0,32,128-255-384-511,mocr4pcc04u11,mocr4pcc04u05,1,227.0
tcp,clt,192.168.60.150,9000,128K,0,0,32,0-127-256-383,mocr4pcc04u11,mocr4pcc04u05,1,227.0
tcp,clt,192.168.60.150,9000,128K,0,0,32,128-255-384-511,mocr4pcc04u11,mocr4pcc04u05,1,227.0
tcp,srv,192.168.60.150,9000,128K,0,0,32,0-127-256-383,mocr4pcc04u11,mocr4pcc04u05,1,227.0
tcp,clt,192.168.60.150,9000,128K,0,0,32,128-255-384-511,mocr4pcc04u11,mocr4pcc04u05,2,227.0
tcp,srv,192.168.60.150,9000,128K,0,0,32,128-255-384-511,mocr4pcc04u11,mocr4pcc04u05,2,227.0
tcp,clt,192.168.60.150,9000,128K,0,0,32,0-127-256-383,mocr4pcc04u11,mocr4pcc04u05,2,227.0
tcp,srv,192.168.60.150,9000,128K,0,0,32,0-127-256-383,mocr4pcc04u11,mocr4pcc04u05,2,227.0
tcp,srv,192.168.60.150,9000,128K,0,0,32,128-255-384-511,mocr4pcc04u11,mocr4pcc04u06,0,227.0
tcp,clt,192.168.60.150,9000,128K,0,0,32,128-255-384-511,mocr4pcc04u11,mocr4pcc04u06,0,227.0
tcp,clt,192.168.60.150,9000,128K,0,0,32,0-127-256-383,mocr4pcc04u11,mocr4pcc04u06,0,227.0
tcp,srv,192.168.60.150,9000,128K,0,0,32,0-127-256-383,mocr4pcc04u11,mocr4pcc04u06,0,227.0
tcp,clt,192.168.60.150,9000,128K,0,0,32,128-255-384-511,mocr4pcc04u11,mocr4pcc04u06,1,227.0
tcp,clt,192.168.60.150,9000,128K,0,0,32,0-127-256-383,mocr4pcc04u11,mocr4pcc04u06,1,227.0
tcp,srv,192.168.60.150,9000,128K,0,0,32,0-127-256-383,mocr4pcc04u11,mocr4pcc04u06,1,227.0
tcp,srv,192.168.60.150,9000,128K,0,0,32,128-255-384-511,mocr4pcc04u11,mocr4pcc04u06,1,227.0
tcp,clt,192.168.60.150,9000,128K,0,0,32,0-127-256-383,mocr4pcc04u11,mocr4pcc04u06,2,227.0
tcp,srv,192.168.60.150,9000,128K,0,0,32,128-255-384-511,mocr4pcc04u11,mocr4pcc04u06,2,227.0
tcp,srv,192.168.60.150,9000,128K,0,0,32,0-127-256-383,mocr4pcc04u11,mocr4pcc04u06,2,227.0
tcp,clt,192.168.60.150,9000,128K,0,0,32,128-255-384-511,mocr4pcc04u11,mocr4pcc04u06,2,227.0
tcp,clt,192.168.60.150,9000,128K,0,0,32,128-255-384-511,mocr4pcc04u11,mocr4pcc04u09,0,227.0
tcp,srv,192.168.60.150,9000,128K,0,0,32,128-255-384-511,mocr4pcc04u11,mocr4pcc04u09,0,227.0
tcp,srv,192.168.60.150,9000,128K,0,0,32,0-127-256-383,mocr4pcc04u11,mocr4pcc04u09,0,227.0
tcp,clt,192.168.60.150,9000,128K,0,0,32,0-127-256-383,mocr4pcc04u11,mocr4pcc04u09,0,227.0
tcp,srv,192.168.60.150,9000,128K,0,0,32,128-255-384-511,mocr4pcc04u11,mocr4pcc04u09,1,227.0
tcp,srv,192.168.60.150,9000,128K,0,0,32,0-127-256-383,mocr4pcc04u11,mocr4pcc04u09,1,227.0
tcp,clt,192.168.60.150,9000,128K,0,0,32,0-127-256-383,mocr4pcc04u11,mocr4pcc04u09,1,227.0
tcp,clt,192.168.60.150,9000,128K,0,0,32,128-255-384-511,mocr4pcc04u11,mocr4pcc04u09,1,227.0
tcp,srv,192.168.60.150,9000,128K,0,0,32,0-127-256-383,mocr4pcc04u11,mocr4pcc04u09,2,227.0
tcp,clt,192.168.60.150,9000,128K,0,0,32,128-255-384-511,mocr4pcc04u11,mocr4pcc04u09,2,227.0
tcp,clt,192.168.60.150,9000,128K,0,0,32,0-127-256-383,mocr4pcc04u11,mocr4pcc04u09,2,227.0
tcp,srv,192.168.60.150,9000,128K,0,0,32,128-255-384-511,mocr4pcc04u11,mocr4pcc04u09,2,227.0
tcp,clt,192.168.60.150,9000,128K,0,0,32,128-255-384-511,mocr4pcc04u11,mocr4pcc04u10,0,227.0
tcp,srv,192.168.60.150,9000,128K,0,0,32,128-255-384-511,mocr4pcc04u11,mocr4pcc04u10,0,227.0
tcp,clt,192.168.60.150,9000,128K,0,0,32,0-127-256-383,mocr4pcc04u11,mocr4pcc04u10,0,227.0
tcp,srv,192.168.60.150,9000,128K,0,0,32,0-127-256-383,mocr4pcc04u11,mocr4pcc04u10,0,227.0
tcp,srv,192.168.60.150,9000,128K,0,0,32,128-255-384-511,mocr4pcc04u11,mocr4pcc04u10,1,227.0
tcp,clt,192.168.60.150,9000,128K,0,0,32,0-127-256-383,mocr4pcc04u11,mocr4pcc04u10,1,227.0
tcp,clt,192.168.60.150,9000,128K,0,0,32,128-255-384-511,mocr4pcc04u11,mocr4pcc04u10,1,227.0
tcp,srv,192.168.60.150,9000,128K,0,0,32,0-127-256-383,mocr4pcc04u11,mocr4pcc04u10,1,227.0
tcp,clt,192.168.60.150,9000,128K,0,0,32,128-255-384-511,mocr4pcc04u11,mocr4pcc04u10,2,227.0
tcp,srv,192.168.60.150,9000,128K,0,0,32,128-255-384-511,mocr4pcc04u11,mocr4pcc04u10,2,227.0
tcp,srv,192.168.60.150,9000,128K,0,0,32,0-127-256-383,mocr4pcc04u11,mocr4pcc04u10,2,227.0
tcp,clt,192.168.60.150,9000,128K,0,0,32,0-127-256-383,mocr4pcc04u11,mocr4pcc04u10,2,227.0
tcp,clt,192.168.60.150,9000,128K,0,0,32,0-127-256-383,mocr4pcc04u11,mocr4pcc04u12,0,227.0
tcp,srv,192.168.60.150,9000,128K,0,0,32,0-127-256-383,mocr4pcc04u11,mocr4pcc04u12,0,227.0
tcp,clt,192.168.60.150,9000,128K,0,0,32,128-255-384-511,mocr4pcc04u11,mocr4pcc04u12,0,227.0
tcp,srv,192.168.60.150,9000,128K,0,0,32,128-255-384-511,mocr4pcc04u11,mocr4pcc04u12,0,227.0
tcp,srv,192.168.60.150,9000,128K,0,0,32,128-255-384-511,mocr4pcc04u11,mocr4pcc04u12,1,227.0
tcp,srv,192.168.60.150,9000,128K,0,0,32,0-127-256-383,mocr4pcc04u11,mocr4pcc04u12,1,227.0
tcp,clt,192.168.60.150,9000,128K,0,0,32,0-127-256-383,mocr4pcc04u11,mocr4pcc04u12,1,227.0
tcp,clt,192.168.60.150,9000,128K,0,0,32,128-255-384-511,mocr4pcc04u11,mocr4pcc04u12,1,227.0
tcp,srv,192.168.60.150,9000,128K,0,0,32,0-127-256-383,mocr4pcc04u11,mocr4pcc04u12,2,227.0
tcp,srv,192.168.60.150,9000,128K,0,0,32,128-255-384-511,mocr4pcc04u11,mocr4pcc04u12,2,227.0
tcp,clt,192.168.60.150,9000,128K,0,0,32,128-255-384-511,mocr4pcc04u11,mocr4pcc04u12,2,227.0
tcp,clt,192.168.60.150,9000,128K,0,0,32,0-127-256-383,mocr4pcc04u11,mocr4pcc04u12,2,227.0
tcp,clt,192.168.60.150,9000,128K,0,0,32,128-255-384-511,mocr4pcc04u11,mocr4pcc04u15,0,227.0
tcp,clt,192.168.60.150,9000,128K,0,0,32,0-127-256-383,mocr4pcc04u11,mocr4pcc04u15,0,227.0
tcp,srv,192.168.60.150,9000,128K,0,0,32,0-127-256-383,mocr4pcc04u11,mocr4pcc04u15,0,227.0
tcp,srv,192.168.60.150,9000,128K,0,0,32,128-255-384-511,mocr4pcc04u11,mocr4pcc04u15,0,227.0
tcp,srv,192.168.60.150,9000,128K,0,0,32,0-127-256-383,mocr4pcc04u11,mocr4pcc04u15,1,227.0
tcp,srv,192.168.60.150,9000,128K,0,0,32,128-255-384-511,mocr4pcc04u11,mocr4pcc04u15,1,227.0
tcp,clt,192.168.60.150,9000,128K,0,0,32,128-255-384-511,mocr4pcc04u11,mocr4pcc04u15,1,227.0
tcp,clt,192.168.60.150,9000,128K,0,0,32,0-127-256-383,mocr4pcc04u11,mocr4pcc04u15,1,227.0
tcp,clt,192.168.60.150,9000,128K,0,0,32,0-127-256-383,mocr4pcc04u11,mocr4pcc04u15,2,227.0
tcp,srv,192.168.60.150,9000,128K,0,0,32,0-127-256-383,mocr4pcc04u11,mocr4pcc04u15,2,227.0
tcp,srv,192.168.60.150,9000,128K,0,0,32,128-255-384-511,mocr4pcc04u11,mocr4pcc04u15,2,227.0
tcp,clt,192.168.60.150,9000,128K,0,0,32,128-255-384-511,mocr4pcc04u11,mocr4pcc04u15,2,227.0
tcp,srv,192.168.60.150,9000,128K,0,0,32,0-127-256-383,mocr4pcc04u11,mocr4pcc04u16,0,227.0
tcp,clt,192.168.60.150,9000,128K,0,0,32,0-127-256-383,mocr4pcc04u11,mocr4pcc04u16,0,227.0
tcp,clt,192.168.60.150,9000,128K,0,0,32,128-255-384-511,mocr4pcc04u11,mocr4pcc04u16,0,227.0
tcp,srv,192.168.60.150,9000,128K,0,0,32,128-255-384-511,mocr4pcc04u11,mocr4pcc04u16,0,227.0
tcp,srv,192.168.60.150,9000,128K,0,0,32,0-127-256-383,mocr4pcc04u11,mocr4pcc04u16,1,227.0
tcp,clt,192.168.60.150,9000,128K,0,0,32,128-255-384-511,mocr4pcc04u11,mocr4pcc04u16,1,227.0
tcp,srv,192.168.60.150,9000,128K,0,0,32,128-255-384-511,mocr4pcc04u11,mocr4pcc04u16,1,227.0
tcp,clt,192.168.60.150,9000,128K,0,0,32,0-127-256-383,mocr4pcc04u11,mocr4pcc04u16,1,227.0
tcp,srv,192.168.60.150,9000,128K,0,0,32,0-127-256-383,mocr4pcc04u11,mocr4pcc04u16,2,227.0
tcp,clt,192.168.60.150,9000,128K,0,0,32,128-255-384-511,mocr4pcc04u11,mocr4pcc04u16,2,227.0
tcp,srv,192.168.60.150,9000,128K,0,0,32,128-255-384-511,mocr4pcc04u11,mocr4pcc04u16,2,227.0
tcp,clt,192.168.60.150,9000,128K,0,0,32,0-127-256-383,mocr4pcc04u11,mocr4pcc04u16,2,227.0
tcp,clt,192.168.60.108,9000,128K,0,0,32,0-127-256-383,mocr4pcc04u12,mocr4pcc04u05,0,227.0
tcp,srv,192.168.60.108,9000,128K,0,0,32,128-255-384-511,mocr4pcc04u12,mocr4pcc04u05,0,227.0
tcp,srv,192.168.60.108,9000,128K,0,0,32,0-127-256-383,mocr4pcc04u12,mocr4pcc04u05,0,227.0
tcp,clt,192.168.60.108,9000,128K,0,0,32,128-255-384-511,mocr4pcc04u12,mocr4pcc04u05,0,227.0
tcp,srv,192.168.60.108,9000,128K,0,0,32,0-127-256-383,mocr4pcc04u12,mocr4pcc04u05,1,227.0
tcp,clt,192.168.60.108,9000,128K,0,0,32,128-255-384-511,mocr4pcc04u12,mocr4pcc04u05,1,227.0
tcp,clt,192.168.60.108,9000,128K,0,0,32,0-127-256-383,mocr4pcc04u12,mocr4pcc04u05,1,227.0
tcp,srv,192.168.60.108,9000,128K,0,0,32,128-255-384-511,mocr4pcc04u12,mocr4pcc04u05,1,227.0
tcp,clt,192.168.60.108,9000,128K,0,0,32,128-255-384-511,mocr4pcc04u12,mocr4pcc04u05,2,227.0
tcp,clt,192.168.60.108,9000,128K,0,0,32,0-127-256-383,mocr4pcc04u12,mocr4pcc04u05,2,227.0
tcp,srv,192.168.60.108,9000,128K,0,0,32,128-255-384-511,mocr4pcc04u12,mocr4pcc04u05,2,227.0
tcp,srv,192.168.60.108,9000,128K,0,0,32,0-127-256-383,mocr4pcc04u12,mocr4pcc04u05,2,227.0
tcp,clt,192.168.60.108,9000,128K,0,0,32,128-255-384-511,mocr4pcc04u12,mocr4pcc04u06,0,227.0
tcp,srv,192.168.60.108,9000,128K,0,0,32,128-255-384-511,mocr4pcc04u12,mocr4pcc04u06,0,227.0
tcp,srv,192.168.60.108,9000,128K,0,0,32,0-127-256-383,mocr4pcc04u12,mocr4pcc04u06,0,227.0
tcp,clt,192.168.60.108,9000,128K,0,0,32,0-127-256-383,mocr4pcc04u12,mocr4pcc04u06,0,227.0
tcp,srv,192.168.60.108,9000,128K,0,0,32,0-127-256-383,mocr4pcc04u12,mocr4pcc04u06,1,227.0
tcp,srv,192.168.60.108,9000,128K,0,0,32,128-255-384-511,mocr4pcc04u12,mocr4pcc04u06,1,227.0
tcp,clt,192.168.60.108,9000,128K,0,0,32,0-127-256-383,mocr4pcc04u12,mocr4pcc04u06,1,227.0
tcp,clt,192.168.60.108,9000,128K,0,0,32,128-255-384-511,mocr4pcc04u12,mocr4pcc04u06,1,227.0
tcp,clt,192.168.60.108,9000,128K,0,0,32,128-255-384-511,mocr4pcc04u12,mocr4pcc04u06,2,227.0
tcp,srv,192.168.60.108,9000,128K,0,0,32,0-127-256-383,mocr4pcc04u12,mocr4pcc04u06,2,227.0
tcp,clt,192.168.60.108,9000,128K,0,0,32,0-127-256-383,mocr4pcc04u12,mocr4pcc04u06,2,227.0
tcp,srv,192.168.60.108,9000,128K,0,0,32,128-255-384-511,mocr4pcc04u12,mocr4pcc04u06,2,227.0
tcp,clt,192.168.60.108,9000,128K,0,0,32,128-255-384-511,mocr4pcc04u12,mocr4pcc04u09,0,227.0
tcp,clt,192.168.60.108,9000,128K,0,0,32,0-127-256-383,mocr4pcc04u12,mocr4pcc04u09,0,227.0
tcp,srv,192.168.60.108,9000,128K,0,0,32,128-255-384-511,mocr4pcc04u12,mocr4pcc04u09,0,227.0
tcp,srv,192.168.60.108,9000,128K,0,0,32,0-127-256-383,mocr4pcc04u12,mocr4pcc04u09,0,227.0
tcp,srv,192.168.60.108,9000,128K,0,0,32,0-127-256-383,mocr4pcc04u12,mocr4pcc04u09,1,227.0
tcp,clt,192.168.60.108,9000,128K,0,0,32,128-255-384-511,mocr4pcc04u12,mocr4pcc04u09,1,227.0
tcp,clt,192.168.60.108,9000,128K,0,0,32,0-127-256-383,mocr4pcc04u12,mocr4pcc04u09,1,227.0
tcp,srv,192.168.60.108,9000,128K,0,0,32,128-255-384-511,mocr4pcc04u12,mocr4pcc04u09,1,227.0
tcp,clt,192.168.60.108,9000,128K,0,0,32,0-127-256-383,mocr4pcc04u12,mocr4pcc04u09,2,227.0
tcp,srv,192.168.60.108,9000,128K,0,0,32,0-127-256-383,mocr4pcc04u12,mocr4pcc04u09,2,227.0
tcp,srv,192.168.60.108,9000,128K,0,0,32,128-255-384-511,mocr4pcc04u12,mocr4pcc04u09,2,227.0
tcp,clt,192.168.60.108,9000,128K,0,0,32,128-255-384-511,mocr4pcc04u12,mocr4pcc04u09,2,227.0
tcp,clt,192.168.60.108,9000,128K,0,0,32,128-255-384-511,mocr4pcc04u12,mocr4pcc04u10,0,227.0
tcp,clt,192.168.60.108,9000,128K,0,0,32,0-127-256-383,mocr4pcc04u12,mocr4pcc04u10,0,227.0
tcp,srv,192.168.60.108,9000,128K,0,0,32,128-255-384-511,mocr4pcc04u12,mocr4pcc04u10,0,227.0
tcp,srv,192.168.60.108,9000,128K,0,0,32,0-127-256-383,mocr4pcc04u12,mocr4pcc04u10,0,227.0
tcp,clt,192.168.60.108,9000,128K,0,0,32,128-255-384-511,mocr4pcc04u12,mocr4pcc04u10,1,227.0
tcp,srv,192.168.60.108,9000,128K,0,0,32,128-255-384-511,mocr4pcc04u12,mocr4pcc04u10,1,227.0
tcp,srv,192.168.60.108,9000,128K,0,0,32,0-127-256-383,mocr4pcc04u12,mocr4pcc04u10,1,227.0
tcp,clt,192.168.60.108,9000,128K,0,0,32,0-127-256-383,mocr4pcc04u12,mocr4pcc04u10,1,227.0
tcp,srv,192.168.60.108,9000,128K,0,0,32,0-127-256-383,mocr4pcc04u12,mocr4pcc04u10,2,227.0
tcp,clt,192.168.60.108,9000,128K,0,0,32,128-255-384-511,mocr4pcc04u12,mocr4pcc04u10,2,227.0
tcp,clt,192.168.60.108,9000,128K,0,0,32,0-127-256-383,mocr4pcc04u12,mocr4pcc04u10,2,227.0
tcp,srv,192.168.60.108,9000,128K,0,0,32,128-255-384-511,mocr4pcc04u12,mocr4pcc04u10,2,227.0
tcp,clt,192.168.60.108,9000,128K,0,0,32,128-255-384-511,mocr4pcc04u12,mocr4pcc04u11,0,227.0
tcp,srv,192.168.60.108,9000,128K,0,0,32,0-127-256-383,mocr4pcc04u12,mocr4pcc04u11,0,227.0
tcp,clt,192.168.60.108,9000,128K,0,0,32,0-127-256-383,mocr4pcc04u12,mocr4pcc04u11,0,227.0
tcp,srv,192.168.60.108,9000,128K,0,0,32,128-255-384-511,mocr4pcc04u12,mocr4pcc04u11,0,227.0
tcp,srv,192.168.60.108,9000,128K,0,0,32,0-127-256-383,mocr4pcc04u12,mocr4pcc04u11,1,227.0
tcp,clt,192.168.60.108,9000,128K,0,0,32,0-127-256-383,mocr4pcc04u12,mocr4pcc04u11,1,227.0
tcp,clt,192.168.60.108,9000,128K,0,0,32,128-255-384-511,mocr4pcc04u12,mocr4pcc04u11,1,227.0
tcp,srv,192.168.60.108,9000,128K,0,0,32,128-255-384-511,mocr4pcc04u12,mocr4pcc04u11,1,227.0
tcp,clt,192.168.60.108,9000,128K,0,0,32,0-127-256-383,mocr4pcc04u12,mocr4pcc04u11,2,227.0
tcp,clt,192.168.60.108,9000,128K,0,0,32,128-255-384-511,mocr4pcc04u12,mocr4pcc04u11,2,227.0
tcp,srv,192.168.60.108,9000,128K,0,0,32,0-127-256-383,mocr4pcc04u12,mocr4pcc04u11,2,227.0
tcp,srv,192.168.60.108,9000,128K,0,0,32,128-255-384-511,mocr4pcc04u12,mocr4pcc04u11,2,227.0
tcp,srv,192.168.60.108,9000,128K,0,0,32,128-255-384-511,mocr4pcc04u12,mocr4pcc04u15,0,227.0
tcp,clt,192.168.60.108,9000,128K,0,0,32,128-255-384-511,mocr4pcc04u12,mocr4pcc04u15,0,227.0
tcp,clt,192.168.60.108,9000,128K,0,0,32,0-127-256-383,mocr4pcc04u12,mocr4pcc04u15,0,227.0
tcp,srv,192.168.60.108,9000,128K,0,0,32,0-127-256-383,mocr4pcc04u12,mocr4pcc04u15,0,227.0
tcp,clt,192.168.60.108,9000,128K,0,0,32,0-127-256-383,mocr4pcc04u12,mocr4pcc04u15,1,227.0
tcp,clt,192.168.60.108,9000,128K,0,0,32,128-255-384-511,mocr4pcc04u12,mocr4pcc04u15,1,227.0
tcp,srv,192.168.60.108,9000,128K,0,0,32,0-127-256-383,mocr4pcc04u12,mocr4pcc04u15,1,227.0
tcp,srv,192.168.60.108,9000,128K,0,0,32,128-255-384-511,mocr4pcc04u12,mocr4pcc04u15,1,227.0
tcp,srv,192.168.60.108,9000,128K,0,0,32,128-255-384-511,mocr4pcc04u12,mocr4pcc04u15,2,227.0
tcp,clt,192.168.60.108,9000,128K,0,0,32,128-255-384-511,mocr4pcc04u12,mocr4pcc04u15,2,227.0
tcp,srv,192.168.60.108,9000,128K,0,0,32,0-127-256-383,mocr4pcc04u12,mocr4pcc04u15,2,227.0
tcp,clt,192.168.60.108,9000,128K,0,0,32,0-127-256-383,mocr4pcc04u12,mocr4pcc04u15,2,227.0
tcp,srv,192.168.60.108,9000,128K,0,0,32,0-127-256-383,mocr4pcc04u12,mocr4pcc04u16,0,227.0
tcp,srv,192.168.60.108,9000,128K,0,0,32,128-255-384-511,mocr4pcc04u12,mocr4pcc04u16,0,227.0
tcp,clt,192.168.60.108,9000,128K,0,0,32,0-127-256-383,mocr4pcc04u12,mocr4pcc04u16,0,227.0
tcp,clt,192.168.60.108,9000,128K,0,0,32,128-255-384-511,mocr4pcc04u12,mocr4pcc04u16,0,227.0
tcp,clt,192.168.60.108,9000,128K,0,0,32,128-255-384-511,mocr4pcc04u12,mocr4pcc04u16,1,227.0
tcp,srv,192.168.60.108,9000,128K,0,0,32,0-127-256-383,mocr4pcc04u12,mocr4pcc04u16,1,227.0
tcp,clt,192.168.60.108,9000,128K,0,0,32,0-127-256-383,mocr4pcc04u12,mocr4pcc04u16,1,227.0
tcp,srv,192.168.60.108,9000,128K,0,0,32,128-255-384-511,mocr4pcc04u12,mocr4pcc04u16,1,227.0
tcp,srv,192.168.60.108,9000,128K,0,0,32,128-255-384-511,mocr4pcc04u12,mocr4pcc04u16,2,227.0
tcp,clt,192.168.60.108,9000,128K,0,0,32,0-127-256-383,mocr4pcc04u12,mocr4pcc04u16,2,227.0
tcp,clt,192.168.60.108,9000,128K,0,0,32,128-255-384-511,mocr4pcc04u12,mocr4pcc04u16,2,227.0
tcp,srv,192.168.60.108,9000,128K,0,0,32,0-127-256-383,mocr4pcc04u12,mocr4pcc04u16,2,227.0
tcp,srv,192.168.60.174,9000,128K,0,0,32,128-255-384-511,mocr4pcc04u15,mocr4pcc04u05,0,227.0
tcp,clt,192.168.60.174,9000,128K,0,0,32,128-255-384-511,mocr4pcc04u15,mocr4pcc04u05,0,227.0
tcp,srv,192.168.60.174,9000,128K,0,0,32,0-127-256-383,mocr4pcc04u15,mocr4pcc04u05,0,227.0
tcp,clt,192.168.60.174,9000,128K,0,0,32,0-127-256-383,mocr4pcc04u15,mocr4pcc04u05,0,227.0
tcp,srv,192.168.60.174,9000,128K,0,0,32,0-127-256-383,mocr4pcc04u15,mocr4pcc04u05,1,227.0
tcp,clt,192.168.60.174,9000,128K,0,0,32,0-127-256-383,mocr4pcc04u15,mocr4pcc04u05,1,227.0
tcp,clt,192.168.60.174,9000,128K,0,0,32,128-255-384-511,mocr4pcc04u15,mocr4pcc04u05,1,227.0
tcp,srv,192.168.60.174,9000,128K,0,0,32,128-255-384-511,mocr4pcc04u15,mocr4pcc04u05,1,227.0
tcp,srv,192.168.60.174,9000,128K,0,0,32,128-255-384-511,mocr4pcc04u15,mocr4pcc04u05,2,227.0
tcp,clt,192.168.60.174,9000,128K,0,0,32,0-127-256-383,mocr4pcc04u15,mocr4pcc04u05,2,227.0
tcp,srv,192.168.60.174,9000,128K,0,0,32,0-127-256-383,mocr4pcc04u15,mocr4pcc04u05,2,227.0
tcp,clt,192.168.60.174,9000,128K,0,0,32,128-255-384-511,mocr4pcc04u15,mocr4pcc04u05,2,227.0
tcp,clt,192.168.60.174,9000,128K,0,0,32,0-127-256-383,mocr4pcc04u15,mocr4pcc04u06,0,227.0
tcp,srv,192.168.60.174,9000,128K,0,0,32,128-255-384-511,mocr4pcc04u15,mocr4pcc04u06,0,227.0
tcp,srv,192.168.60.174,9000,128K,0,0,32,0-127-256-383,mocr4pcc04u15,mocr4pcc04u06,0,227.0
tcp,clt,192.168.60.174,9000,128K,0,0,32,128-255-384-511,mocr4pcc04u15,mocr4pcc04u06,0,227.0
tcp,clt,192.168.60.174,9000,128K,0,0,32,0-127-256-383,mocr4pcc04u15,mocr4pcc04u06,1,227.0
tcp,srv,192.168.60.174,9000,128K,0,0,32,0-127-256-383,mocr4pcc04u15,mocr4pcc04u06,1,227.0
tcp,clt,192.168.60.174,9000,128K,0,0,32,128-255-384-511,mocr4pcc04u15,mocr4pcc04u06,1,227.0
tcp,srv,192.168.60.174,9000,128K,0,0,32,128-255-384-511,mocr4pcc04u15,mocr4pcc04u06,1,227.0
tcp,srv,192.168.60.174,9000,128K,0,0,32,128-255-384-511,mocr4pcc04u15,mocr4pcc04u06,2,227.0
tcp,srv,192.168.60.174,9000,128K,0,0,32,0-127-256-383,mocr4pcc04u15,mocr4pcc04u06,2,227.0
tcp,clt,192.168.60.174,9000,128K,0,0,32,0-127-256-383,mocr4pcc04u15,mocr4pcc04u06,2,227.0
tcp,clt,192.168.60.174,9000,128K,0,0,32,128-255-384-511,mocr4pcc04u15,mocr4pcc04u06,2,227.0
tcp,clt,192.168.60.174,9000,128K,0,0,32,0-127-256-383,mocr4pcc04u15,mocr4pcc04u09,0,227.0
tcp,srv,192.168.60.174,9000,128K,0,0,32,128-255-384-511,mocr4pcc04u15,mocr4pcc04u09,0,227.0
tcp,clt,192.168.60.174,9000,128K,0,0,32,128-255-384-511,mocr4pcc04u15,mocr4pcc04u09,0,227.0
tcp,srv,192.168.60.174,9000,128K,0,0,32,0-127-256-383,mocr4pcc04u15,mocr4pcc04u09,0,227.0
tcp,srv,192.168.60.174,9000,128K,0,0,32,128-255-384-511,mocr4pcc04u15,mocr4pcc04u09,1,227.0
tcp,srv,192.168.60.174,9000,128K,0,0,32,0-127-256-383,mocr4pcc04u15,mocr4pcc04u09,1,227.0
tcp,clt,192.168.60.174,9000,128K,0,0,32,128-255-384-511,mocr4pcc04u15,mocr4pcc04u09,1,227.0
tcp,clt,192.168.60.174,9000,128K,0,0,32,0-127-256-383,mocr4pcc04u15,mocr4pcc04u09,1,227.0
tcp,srv,192.168.60.174,9000,128K,0,0,32,0-127-256-383,mocr4pcc04u15,mocr4pcc04u09,2,227.0
tcp,srv,192.168.60.174,9000,128K,0,0,32,128-255-384-511,mocr4pcc04u15,mocr4pcc04u09,2,227.0
tcp,clt,192.168.60.174,9000,128K,0,0,32,128-255-384-511,mocr4pcc04u15,mocr4pcc04u09,2,227.0
tcp,clt,192.168.60.174,9000,128K,0,0,32,0-127-256-383,mocr4pcc04u15,mocr4pcc04u09,2,227.0
tcp,srv,192.168.60.174,9000,128K,0,0,32,128-255-384-511,mocr4pcc04u15,mocr4pcc04u10,0,227.0
tcp,clt,192.168.60.174,9000,128K,0,0,32,0-127-256-383,mocr4pcc04u15,mocr4pcc04u10,0,227.0
tcp,clt,192.168.60.174,9000,128K,0,0,32,128-255-384-511,mocr4pcc04u15,mocr4pcc04u10,0,227.0
tcp,srv,192.168.60.174,9000,128K,0,0,32,0-127-256-383,mocr4pcc04u15,mocr4pcc04u10,0,227.0
tcp,srv,192.168.60.174,9000,128K,0,0,32,128-255-384-511,mocr4pcc04u15,mocr4pcc04u10,1,227.0
tcp,clt,192.168.60.174,9000,128K,0,0,32,0-127-256-383,mocr4pcc04u15,mocr4pcc04u10,1,227.0
tcp,clt,192.168.60.174,9000,128K,0,0,32,128-255-384-511,mocr4pcc04u15,mocr4pcc04u10,1,227.0
tcp,srv,192.168.60.174,9000,128K,0,0,32,0-127-256-383,mocr4pcc04u15,mocr4pcc04u10,1,227.0
tcp,srv,192.168.60.174,9000,128K,0,0,32,0-127-256-383,mocr4pcc04u15,mocr4pcc04u10,2,227.0
tcp,srv,192.168.60.174,9000,128K,0,0,32,128-255-384-511,mocr4pcc04u15,mocr4pcc04u10,2,227.0
tcp,clt,192.168.60.174,9000,128K,0,0,32,128-255-384-511,mocr4pcc04u15,mocr4pcc04u10,2,227.0
tcp,clt,192.168.60.174,9000,128K,0,0,32,0-127-256-383,mocr4pcc04u15,mocr4pcc04u10,2,227.0
tcp,srv,192.168.60.174,9000,128K,0,0,32,0-127-256-383,mocr4pcc04u15,mocr4pcc04u11,0,227.0
tcp,clt,192.168.60.174,9000,128K,0,0,32,0-127-256-383,mocr4pcc04u15,mocr4pcc04u11,0,227.0
tcp,clt,192.168.60.174,9000,128K,0,0,32,128-255-384-511,mocr4pcc04u15,mocr4pcc04u11,0,227.0
tcp,srv,192.168.60.174,9000,128K,0,0,32,128-255-384-511,mocr4pcc04u15,mocr4pcc04u11,0,227.0
tcp,clt,192.168.60.174,9000,128K,0,0,32,128-255-384-511,mocr4pcc04u15,mocr4pcc04u11,1,227.0
tcp,clt,192.168.60.174,9000,128K,0,0,32,0-127-256-383,mocr4pcc04u15,mocr4pcc04u11,1,227.0
tcp,srv,192.168.60.174,9000,128K,0,0,32,0-127-256-383,mocr4pcc04u15,mocr4pcc04u11,1,227.0
tcp,srv,192.168.60.174,9000,128K,0,0,32,128-255-384-511,mocr4pcc04u15,mocr4pcc04u11,1,227.0
tcp,srv,192.168.60.174,9000,128K,0,0,32,128-255-384-511,mocr4pcc04u15,mocr4pcc04u11,2,227.0
tcp,clt,192.168.60.174,9000,128K,0,0,32,128-255-384-511,mocr4pcc04u15,mocr4pcc04u11,2,227.0
tcp,srv,192.168.60.174,9000,128K,0,0,32,0-127-256-383,mocr4pcc04u15,mocr4pcc04u11,2,227.0
tcp,clt,192.168.60.174,9000,128K,0,0,32,0-127-256-383,mocr4pcc04u15,mocr4pcc04u11,2,227.0
tcp,clt,192.168.60.174,9000,128K,0,0,32,128-255-384-511,mocr4pcc04u15,mocr4pcc04u12,0,227.0
tcp,srv,192.168.60.174,9000,128K,0,0,32,0-127-256-383,mocr4pcc04u15,mocr4pcc04u12,0,227.0
tcp,clt,192.168.60.174,9000,128K,0,0,32,0-127-256-383,mocr4pcc04u15,mocr4pcc04u12,0,227.0
tcp,srv,192.168.60.174,9000,128K,0,0,32,128-255-384-511,mocr4pcc04u15,mocr4pcc04u12,0,227.0
tcp,srv,192.168.60.174,9000,128K,0,0,32,128-255-384-511,mocr4pcc04u15,mocr4pcc04u12,1,227.0
tcp,clt,192.168.60.174,9000,128K,0,0,32,0-127-256-383,mocr4pcc04u15,mocr4pcc04u12,1,227.0
tcp,clt,192.168.60.174,9000,128K,0,0,32,128-255-384-511,mocr4pcc04u15,mocr4pcc04u12,1,226.0
tcp,srv,192.168.60.174,9000,128K,0,0,32,0-127-256-383,mocr4pcc04u15,mocr4pcc04u12,1,227.0
tcp,clt,192.168.60.174,9000,128K,0,0,32,128-255-384-511,mocr4pcc04u15,mocr4pcc04u12,2,227.0
tcp,clt,192.168.60.174,9000,128K,0,0,32,0-127-256-383,mocr4pcc04u15,mocr4pcc04u12,2,227.0
tcp,srv,192.168.60.174,9000,128K,0,0,32,128-255-384-511,mocr4pcc04u15,mocr4pcc04u12,2,227.0
tcp,srv,192.168.60.174,9000,128K,0,0,32,0-127-256-383,mocr4pcc04u15,mocr4pcc04u12,2,227.0
tcp,clt,192.168.60.174,9000,128K,0,0,32,0-127-256-383,mocr4pcc04u15,mocr4pcc04u16,0,227.0
tcp,srv,192.168.60.174,9000,128K,0,0,32,128-255-384-511,mocr4pcc04u15,mocr4pcc04u16,0,227.0
tcp,srv,192.168.60.174,9000,128K,0,0,32,0-127-256-383,mocr4pcc04u15,mocr4pcc04u16,0,227.0
tcp,clt,192.168.60.174,9000,128K,0,0,32,128-255-384-511,mocr4pcc04u15,mocr4pcc04u16,0,227.0
tcp,clt,192.168.60.174,9000,128K,0,0,32,0-127-256-383,mocr4pcc04u15,mocr4pcc04u16,1,227.0
tcp,srv,192.168.60.174,9000,128K,0,0,32,128-255-384-511,mocr4pcc04u15,mocr4pcc04u16,1,227.0
tcp,clt,192.168.60.174,9000,128K,0,0,32,128-255-384-511,mocr4pcc04u15,mocr4pcc04u16,1,227.0
tcp,srv,192.168.60.174,9000,128K,0,0,32,0-127-256-383,mocr4pcc04u15,mocr4pcc04u16,1,227.0
tcp,srv,192.168.60.174,9000,128K,0,0,32,128-255-384-511,mocr4pcc04u15,mocr4pcc04u16,2,227.0
tcp,srv,192.168.60.174,9000,128K,0,0,32,0-127-256-383,mocr4pcc04u15,mocr4pcc04u16,2,227.0
tcp,clt,192.168.60.174,9000,128K,0,0,32,128-255-384-511,mocr4pcc04u15,mocr4pcc04u16,2,227.0
tcp,clt,192.168.60.174,9000,128K,0,0,32,0-127-256-383,mocr4pcc04u15,mocr4pcc04u16,2,227.0
tcp,srv,192.168.60.83,9000,128K,0,0,32,0-127-256-383,mocr4pcc04u16,mocr4pcc04u05,0,227.0
tcp,clt,192.168.60.83,9000,128K,0,0,32,0-127-256-383,mocr4pcc04u16,mocr4pcc04u05,0,227.0
tcp,srv,192.168.60.83,9000,128K,0,0,32,128-255-384-511,mocr4pcc04u16,mocr4pcc04u05,0,227.0
tcp,clt,192.168.60.83,9000,128K,0,0,32,128-255-384-511,mocr4pcc04u16,mocr4pcc04u05,0,227.0
tcp,srv,192.168.60.83,9000,128K,0,0,32,128-255-384-511,mocr4pcc04u16,mocr4pcc04u05,1,227.0
tcp,clt,192.168.60.83,9000,128K,0,0,32,0-127-256-383,mocr4pcc04u16,mocr4pcc04u05,1,227.0
tcp,clt,192.168.60.83,9000,128K,0,0,32,128-255-384-511,mocr4pcc04u16,mocr4pcc04u05,1,227.0
tcp,srv,192.168.60.83,9000,128K,0,0,32,0-127-256-383,mocr4pcc04u16,mocr4pcc04u05,1,227.0
tcp,srv,192.168.60.83,9000,128K,0,0,32,128-255-384-511,mocr4pcc04u16,mocr4pcc04u05,2,227.0
tcp,clt,192.168.60.83,9000,128K,0,0,32,0-127-256-383,mocr4pcc04u16,mocr4pcc04u05,2,227.0
tcp,srv,192.168.60.83,9000,128K,0,0,32,0-127-256-383,mocr4pcc04u16,mocr4pcc04u05,2,227.0
tcp,clt,192.168.60.83,9000,128K,0,0,32,128-255-384-511,mocr4pcc04u16,mocr4pcc04u05,2,227.0
tcp,srv,192.168.60.83,9000,128K,0,0,32,128-255-384-511,mocr4pcc04u16,mocr4pcc04u06,0,227.0
tcp,srv,192.168.60.83,9000,128K,0,0,32,0-127-256-383,mocr4pcc04u16,mocr4pcc04u06,0,227.0
tcp,clt,192.168.60.83,9000,128K,0,0,32,128-255-384-511,mocr4pcc04u16,mocr4pcc04u06,0,227.0
tcp,clt,192.168.60.83,9000,128K,0,0,32,0-127-256-383,mocr4pcc04u16,mocr4pcc04u06,0,227.0
tcp,clt,192.168.60.83,9000,128K,0,0,32,128-255-384-511,mocr4pcc04u16,mocr4pcc04u06,1,227.0
tcp,srv,192.168.60.83,9000,128K,0,0,32,0-127-256-383,mocr4pcc04u16,mocr4pcc04u06,1,227.0
tcp,clt,192.168.60.83,9000,128K,0,0,32,0-127-256-383,mocr4pcc04u16,mocr4pcc04u06,1,227.0
tcp,srv,192.168.60.83,9000,128K,0,0,32,128-255-384-511,mocr4pcc04u16,mocr4pcc04u06,1,227.0
tcp,clt,192.168.60.83,9000,128K,0,0,32,128-255-384-511,mocr4pcc04u16,mocr4pcc04u06,2,227.0
tcp,srv,192.168.60.83,9000,128K,0,0,32,128-255-384-511,mocr4pcc04u16,mocr4pcc04u06,2,227.0
tcp,srv,192.168.60.83,9000,128K,0,0,32,0-127-256-383,mocr4pcc04u16,mocr4pcc04u06,2,227.0
tcp,clt,192.168.60.83,9000,128K,0,0,32,0-127-256-383,mocr4pcc04u16,mocr4pcc04u06,2,227.0
tcp,srv,192.168.60.83,9000,128K,0,0,32,128-255-384-511,mocr4pcc04u16,mocr4pcc04u09,0,227.0
tcp,clt,192.168.60.83,9000,128K,0,0,32,128-255-384-511,mocr4pcc04u16,mocr4pcc04u09,0,227.0
tcp,srv,192.168.60.83,9000,128K,0,0,32,0-127-256-383,mocr4pcc04u16,mocr4pcc04u09,0,227.0
tcp,clt,192.168.60.83,9000,128K,0,0,32,0-127-256-383,mocr4pcc04u16,mocr4pcc04u09,0,227.0
tcp,srv,192.168.60.83,9000,128K,0,0,32,0-127-256-383,mocr4pcc04u16,mocr4pcc04u09,1,227.0
tcp,clt,192.168.60.83,9000,128K,0,0,32,128-255-384-511,mocr4pcc04u16,mocr4pcc04u09,1,227.0
tcp,clt,192.168.60.83,9000,128K,0,0,32,0-127-256-383,mocr4pcc04u16,mocr4pcc04u09,1,227.0
tcp,srv,192.168.60.83,9000,128K,0,0,32,128-255-384-511,mocr4pcc04u16,mocr4pcc04u09,1,227.0
tcp,clt,192.168.60.83,9000,128K,0,0,32,0-127-256-383,mocr4pcc04u16,mocr4pcc04u09,2,227.0
tcp,clt,192.168.60.83,9000,128K,0,0,32,128-255-384-511,mocr4pcc04u16,mocr4pcc04u09,2,227.0
tcp,srv,192.168.60.83,9000,128K,0,0,32,128-255-384-511,mocr4pcc04u16,mocr4pcc04u09,2,227.0
tcp,srv,192.168.60.83,9000,128K,0,0,32,0-127-256-383,mocr4pcc04u16,mocr4pcc04u09,2,227.0
tcp,srv,192.168.60.83,9000,128K,0,0,32,0-127-256-383,mocr4pcc04u16,mocr4pcc04u10,0,227.0
tcp,clt,192.168.60.83,9000,128K,0,0,32,0-127-256-383,mocr4pcc04u16,mocr4pcc04u10,0,227.0
tcp,srv,192.168.60.83,9000,128K,0,0,32,128-255-384-511,mocr4pcc04u16,mocr4pcc04u10,0,227.0
tcp,clt,192.168.60.83,9000,128K,0,0,32,128-255-384-511,mocr4pcc04u16,mocr4pcc04u10,0,227.0
tcp,clt,192.168.60.83,9000,128K,0,0,32,128-255-384-511,mocr4pcc04u16,mocr4pcc04u10,1,227.0
tcp,clt,192.168.60.83,9000,128K,0,0,32,0-127-256-383,mocr4pcc04u16,mocr4pcc04u10,1,227.0
tcp,srv,192.168.60.83,9000,128K,0,0,32,0-127-256-383,mocr4pcc04u16,mocr4pcc04u10,1,227.0
tcp,srv,192.168.60.83,9000,128K,0,0,32,128-255-384-511,mocr4pcc04u16,mocr4pcc04u10,1,227.0
tcp,srv,192.168.60.83,9000,128K,0,0,32,0-127-256-383,mocr4pcc04u16,mocr4pcc04u10,2,227.0
tcp,clt,192.168.60.83,9000,128K,0,0,32,128-255-384-511,mocr4pcc04u16,mocr4pcc04u10,2,227.0
tcp,clt,192.168.60.83,9000,128K,0,0,32,0-127-256-383,mocr4pcc04u16,mocr4pcc04u10,2,227.0
tcp,srv,192.168.60.83,9000,128K,0,0,32,128-255-384-511,mocr4pcc04u16,mocr4pcc04u10,2,227.0
tcp,clt,192.168.60.83,9000,128K,0,0,32,0-127-256-383,mocr4pcc04u16,mocr4pcc04u11,0,227.0
tcp,srv,192.168.60.83,9000,128K,0,0,32,0-127-256-383,mocr4pcc04u16,mocr4pcc04u11,0,227.0
tcp,clt,192.168.60.83,9000,128K,0,0,32,128-255-384-511,mocr4pcc04u16,mocr4pcc04u11,0,227.0
tcp,srv,192.168.60.83,9000,128K,0,0,32,128-255-384-511,mocr4pcc04u16,mocr4pcc04u11,0,227.0
tcp,srv,192.168.60.83,9000,128K,0,0,32,0-127-256-383,mocr4pcc04u16,mocr4pcc04u11,1,227.0
tcp,clt,192.168.60.83,9000,128K,0,0,32,128-255-384-511,mocr4pcc04u16,mocr4pcc04u11,1,227.0
tcp,clt,192.168.60.83,9000,128K,0,0,32,0-127-256-383,mocr4pcc04u16,mocr4pcc04u11,1,227.0
tcp,srv,192.168.60.83,9000,128K,0,0,32,128-255-384-511,mocr4pcc04u16,mocr4pcc04u11,1,227.0
tcp,clt,192.168.60.83,9000,128K,0,0,32,0-127-256-383,mocr4pcc04u16,mocr4pcc04u11,2,227.0
tcp,clt,192.168.60.83,9000,128K,0,0,32,128-255-384-511,mocr4pcc04u16,mocr4pcc04u11,2,227.0
tcp,srv,192.168.60.83,9000,128K,0,0,32,128-255-384-511,mocr4pcc04u16,mocr4pcc04u11,2,227.0
tcp,srv,192.168.60.83,9000,128K,0,0,32,0-127-256-383,mocr4pcc04u16,mocr4pcc04u11,2,227.0
tcp,clt,192.168.60.83,9000,128K,0,0,32,128-255-384-511,mocr4pcc04u16,mocr4pcc04u12,0,227.0
tcp,clt,192.168.60.83,9000,128K,0,0,32,0-127-256-383,mocr4pcc04u16,mocr4pcc04u12,0,227.0
tcp,srv,192.168.60.83,9000,128K,0,0,32,128-255-384-511,mocr4pcc04u16,mocr4pcc04u12,0,227.0
tcp,srv,192.168.60.83,9000,128K,0,0,32,0-127-256-383,mocr4pcc04u16,mocr4pcc04u12,0,227.0
tcp,clt,192.168.60.83,9000,128K,0,0,32,128-255-384-511,mocr4pcc04u16,mocr4pcc04u12,1,227.0
tcp,srv,192.168.60.83,9000,128K,0,0,32,128-255-384-511,mocr4pcc04u16,mocr4pcc04u12,1,227.0
tcp,clt,192.168.60.83,9000,128K,0,0,32,0-127-256-383,mocr4pcc04u16,mocr4pcc04u12,1,227.0
tcp,srv,192.168.60.83,9000,128K,0,0,32,0-127-256-383,mocr4pcc04u16,mocr4pcc04u12,1,227.0
tcp,srv,192.168.60.83,9000,128K,0,0,32,128-255-384-511,mocr4pcc04u16,mocr4pcc04u12,2,227.0
tcp,clt,192.168.60.83,9000,128K,0,0,32,128-255-384-511,mocr4pcc04u16,mocr4pcc04u12,2,227.0
tcp,srv,192.168.60.83,9000,128K,0,0,32,0-127-256-383,mocr4pcc04u16,mocr4pcc04u12,2,227.0
tcp,clt,192.168.60.83,9000,128K,0,0,32,0-127-256-383,mocr4pcc04u16,mocr4pcc04u12,2,227.0
tcp,clt,192.168.60.83,9000,128K,0,0,32,128-255-384-511,mocr4pcc04u16,mocr4pcc04u15,0,227.0
tcp,srv,192.168.60.83,9000,128K,0,0,32,128-255-384-511,mocr4pcc04u16,mocr4pcc04u15,0,227.0
tcp,srv,192.168.60.83,9000,128K,0,0,32,0-127-256-383,mocr4pcc04u16,mocr4pcc04u15,0,227.0
tcp,clt,192.168.60.83,9000,128K,0,0,32,0-127-256-383,mocr4pcc04u16,mocr4pcc04u15,0,227.0
tcp,clt,192.168.60.83,9000,128K,0,0,32,128-255-384-511,mocr4pcc04u16,mocr4pcc04u15,1,227.0
tcp,srv,192.168.60.83,9000,128K,0,0,32,0-127-256-383,mocr4pcc04u16,mocr4pcc04u15,1,227.0
tcp,srv,192.168.60.83,9000,128K,0,0,32,128-255-384-511,mocr4pcc04u16,mocr4pcc04u15,1,227.0
tcp,clt,192.168.60.83,9000,128K,0,0,32,0-127-256-383,mocr4pcc04u16,mocr4pcc04u15,1,227.0
tcp,clt,192.168.60.83,9000,128K,0,0,32,0-127-256-383,mocr4pcc04u16,mocr4pcc04u15,2,227.0
tcp,clt,192.168.60.83,9000,128K,0,0,32,128-255-384-511,mocr4pcc04u16,mocr4pcc04u15,2,227.0
tcp,srv,192.168.60.83,9000,128K,0,0,32,0-127-256-383,mocr4pcc04u16,mocr4pcc04u15,2,227.0
tcp,srv,192.168.60.83,9000,128K,0,0,32,128-255-384-511,mocr4pcc04u16,mocr4pcc04u15,2,227.0
